-- phpMyAdmin SQL Dump
-- version 5.0.2
-- https://www.phpmyadmin.net/
--
-- Host: 127.0.0.1:3306
-- Generation Time: Apr 03, 2021 at 05:01 PM
-- Server version: 5.7.31
-- PHP Version: 7.4.9

SET SQL_MODE = "NO_AUTO_VALUE_ON_ZERO";
START TRANSACTION;
SET time_zone = "+00:00";


/*!40101 SET @OLD_CHARACTER_SET_CLIENT=@@CHARACTER_SET_CLIENT */;
/*!40101 SET @OLD_CHARACTER_SET_RESULTS=@@CHARACTER_SET_RESULTS */;
/*!40101 SET @OLD_COLLATION_CONNECTION=@@COLLATION_CONNECTION */;
/*!40101 SET NAMES utf8mb4 */;

--
-- Database: `fws`
--

-- --------------------------------------------------------

--
-- Table structure for table `contact_persons`
--

DROP TABLE IF EXISTS `contact_persons`;
CREATE TABLE IF NOT EXISTS `contact_persons` (
  `id` bigint(20) UNSIGNED NOT NULL AUTO_INCREMENT,
  `project_id` int(11) NOT NULL,
  `name` varchar(191) COLLATE utf8mb4_unicode_ci NOT NULL,
  `email` varchar(191) COLLATE utf8mb4_unicode_ci NOT NULL,
  `created_at` timestamp NULL DEFAULT NULL,
  `updated_at` timestamp NULL DEFAULT NULL,
  PRIMARY KEY (`id`)
) ENGINE=MyISAM AUTO_INCREMENT=401 DEFAULT CHARSET=utf8mb4 COLLATE=utf8mb4_unicode_ci;

--
-- Dumping data for table `contact_persons`
--

INSERT INTO `contact_persons` (`id`, `project_id`, `name`, `email`, `created_at`, `updated_at`) VALUES
(1, 146, 'Elta Stamm', 'reilly.freeda@ledner.com', '2021-04-03 15:01:02', '2021-04-03 15:01:02'),
(2, 118, 'Prof. Fabiola Dach', 'elvie.ortiz@yahoo.com', '2021-04-03 15:01:02', '2021-04-03 15:01:02'),
(3, 101, 'Isai Roberts', 'cassie.hill@hotmail.com', '2021-04-03 15:01:02', '2021-04-03 15:01:02'),
(4, 132, 'Yadira Dicki', 'dturcotte@hotmail.com', '2021-04-03 15:01:02', '2021-04-03 15:01:02'),
(5, 77, 'Mr. Josue Cormier', 'wcassin@barrows.com', '2021-04-03 15:01:02', '2021-04-03 15:01:02'),
(6, 10, 'Mr. Fletcher Armstrong', 'stuart67@yahoo.com', '2021-04-03 15:01:02', '2021-04-03 15:01:02'),
(7, 124, 'Prof. America Abbott', 'labadie.adonis@gmail.com', '2021-04-03 15:01:02', '2021-04-03 15:01:02'),
(8, 69, 'Oliver Wolff', 'lakin.bulah@yahoo.com', '2021-04-03 15:01:02', '2021-04-03 15:01:02'),
(9, 130, 'Dr. Maeve Blanda', 'sabrina.langosh@gmail.com', '2021-04-03 15:01:02', '2021-04-03 15:01:02'),
(10, 27, 'Ladarius Miller DDS', 'rahsaan02@flatley.org', '2021-04-03 15:01:02', '2021-04-03 15:01:02'),
(11, 162, 'Rosetta Sawayn', 'qreichert@gmail.com', '2021-04-03 15:01:02', '2021-04-03 15:01:02'),
(12, 200, 'Amalia Kassulke', 'marlon85@rempel.com', '2021-04-03 15:01:02', '2021-04-03 15:01:02'),
(13, 26, 'Marc Pfeffer', 'jaime26@gmail.com', '2021-04-03 15:01:02', '2021-04-03 15:01:02'),
(14, 61, 'Mrs. Dahlia Kling', 'lucile21@walker.com', '2021-04-03 15:01:02', '2021-04-03 15:01:02'),
(15, 93, 'Mr. Oswaldo Dicki PhD', 'sylvan57@schinner.com', '2021-04-03 15:01:02', '2021-04-03 15:01:02'),
(16, 66, 'Federico Nicolas', 'darron.wolf@streich.com', '2021-04-03 15:01:02', '2021-04-03 15:01:02'),
(17, 15, 'Ansel McGlynn', 'candido.simonis@hackett.com', '2021-04-03 15:01:02', '2021-04-03 15:01:02'),
(18, 47, 'Prof. Trevor Lang', 'deichmann@yahoo.com', '2021-04-03 15:01:02', '2021-04-03 15:01:02'),
(19, 88, 'Mr. Ansel Hammes', 'layne71@hotmail.com', '2021-04-03 15:01:02', '2021-04-03 15:01:02'),
(20, 62, 'Lacy Rolfson', 'floyd08@yahoo.com', '2021-04-03 15:01:02', '2021-04-03 15:01:02'),
(21, 85, 'Susanna Rogahn', 'wolf.bethel@hotmail.com', '2021-04-03 15:01:02', '2021-04-03 15:01:02'),
(22, 195, 'Conner Kerluke', 'darby11@hotmail.com', '2021-04-03 15:01:02', '2021-04-03 15:01:02'),
(23, 89, 'Mrs. Rubye Olson Jr.', 'cummerata.jeramie@weissnat.info', '2021-04-03 15:01:02', '2021-04-03 15:01:02'),
(24, 175, 'Natasha Heathcote', 'garry36@gmail.com', '2021-04-03 15:01:02', '2021-04-03 15:01:02'),
(25, 104, 'Miss Rachel Beer', 'xsporer@brakus.biz', '2021-04-03 15:01:02', '2021-04-03 15:01:02'),
(26, 1, 'Kiara Breitenberg', 'elliot44@kris.com', '2021-04-03 15:01:02', '2021-04-03 15:01:02'),
(27, 199, 'Polly Bailey', 'romaguera.tony@batz.net', '2021-04-03 15:01:02', '2021-04-03 15:01:02'),
(28, 8, 'Sophie Schumm', 'teagan54@yahoo.com', '2021-04-03 15:01:02', '2021-04-03 15:01:02'),
(29, 49, 'Idell Bogan', 'margarette02@waters.org', '2021-04-03 15:01:02', '2021-04-03 15:01:02'),
(30, 187, 'Dallas Moen', 'carmen.roberts@lemke.com', '2021-04-03 15:01:02', '2021-04-03 15:01:02'),
(31, 18, 'Jaydon Weber MD', 'hfritsch@yahoo.com', '2021-04-03 15:01:02', '2021-04-03 15:01:02'),
(32, 165, 'Moses O\'Conner', 'kautzer.liza@pollich.com', '2021-04-03 15:01:02', '2021-04-03 15:01:02'),
(33, 181, 'Yoshiko Yost', 'witting.clair@hotmail.com', '2021-04-03 15:01:02', '2021-04-03 15:01:02'),
(34, 16, 'Wallace Streich', 'schumm.gaetano@blick.net', '2021-04-03 15:01:02', '2021-04-03 15:01:02'),
(35, 18, 'Kaya Rutherford', 'ischultz@hotmail.com', '2021-04-03 15:01:02', '2021-04-03 15:01:02'),
(36, 41, 'Kay Medhurst', 'gaylord.alfonso@gmail.com', '2021-04-03 15:01:02', '2021-04-03 15:01:02'),
(37, 54, 'Mr. Brain Beahan', 'crona.jacky@hotmail.com', '2021-04-03 15:01:02', '2021-04-03 15:01:02'),
(38, 185, 'Okey Morissette', 'jannie76@zieme.com', '2021-04-03 15:01:02', '2021-04-03 15:01:02'),
(39, 26, 'Mia Batz', 'regan.schimmel@schinner.com', '2021-04-03 15:01:02', '2021-04-03 15:01:02'),
(40, 126, 'Gretchen Leannon', 'yemmerich@balistreri.biz', '2021-04-03 15:01:02', '2021-04-03 15:01:02'),
(41, 36, 'Prof. Brionna Mayert DVM', 'jabernathy@collier.net', '2021-04-03 15:01:02', '2021-04-03 15:01:02'),
(42, 160, 'Thaddeus Block Jr.', 'ewell85@gaylord.com', '2021-04-03 15:01:02', '2021-04-03 15:01:02'),
(43, 186, 'Adrienne Dooley', 'raphael.kiehn@torphy.biz', '2021-04-03 15:01:02', '2021-04-03 15:01:02'),
(44, 41, 'Sherwood Hegmann', 'dluettgen@yahoo.com', '2021-04-03 15:01:02', '2021-04-03 15:01:02'),
(45, 31, 'Toby Schroeder', 'willow.cummings@weber.com', '2021-04-03 15:01:02', '2021-04-03 15:01:02'),
(46, 136, 'Toni Kuvalis III', 'kiara.lang@kautzer.org', '2021-04-03 15:01:02', '2021-04-03 15:01:02'),
(47, 6, 'Prof. Cristopher Smitham V', 'marina33@ruecker.com', '2021-04-03 15:01:02', '2021-04-03 15:01:02'),
(48, 88, 'Prof. Clair Bednar MD', 'sandrine.conn@yahoo.com', '2021-04-03 15:01:02', '2021-04-03 15:01:02'),
(49, 162, 'Brian Trantow', 'preston26@yahoo.com', '2021-04-03 15:01:02', '2021-04-03 15:01:02'),
(50, 54, 'Natasha Beatty', 'clara.herzog@goodwin.biz', '2021-04-03 15:01:02', '2021-04-03 15:01:02'),
(51, 6, 'Alfred Zemlak', 'emmalee.hammes@cruickshank.biz', '2021-04-03 15:01:02', '2021-04-03 15:01:02'),
(52, 18, 'Ms. Fatima Paucek', 'mann.cydney@mosciski.com', '2021-04-03 15:01:02', '2021-04-03 15:01:02'),
(53, 67, 'Tyler Zboncak', 'cassandre46@hotmail.com', '2021-04-03 15:01:02', '2021-04-03 15:01:02'),
(54, 89, 'Erwin Rutherford', 'bstamm@lowe.org', '2021-04-03 15:01:02', '2021-04-03 15:01:02'),
(55, 156, 'Prof. Ansley Hessel', 'owen.pfeffer@feest.com', '2021-04-03 15:01:02', '2021-04-03 15:01:02'),
(56, 185, 'Angus Kshlerin', 'zpouros@hotmail.com', '2021-04-03 15:01:02', '2021-04-03 15:01:02'),
(57, 50, 'Guy McCullough', 'dennis.shanahan@fadel.com', '2021-04-03 15:01:02', '2021-04-03 15:01:02'),
(58, 23, 'Davon Bosco Jr.', 'darlene.marquardt@purdy.com', '2021-04-03 15:01:02', '2021-04-03 15:01:02'),
(59, 21, 'Emanuel Bruen', 'hermann.loraine@becker.com', '2021-04-03 15:01:02', '2021-04-03 15:01:02'),
(60, 29, 'Lorenza Schulist', 'hosea.schneider@weimann.net', '2021-04-03 15:01:02', '2021-04-03 15:01:02'),
(61, 96, 'Ansel Reichel', 'nmcdermott@brown.com', '2021-04-03 15:01:02', '2021-04-03 15:01:02'),
(62, 87, 'Jared Nienow', 'emueller@kerluke.net', '2021-04-03 15:01:02', '2021-04-03 15:01:02'),
(63, 15, 'Prof. Brook Collins', 'emmanuel61@satterfield.com', '2021-04-03 15:01:02', '2021-04-03 15:01:02'),
(64, 187, 'Mercedes Macejkovic', 'wehner.tania@rutherford.com', '2021-04-03 15:01:02', '2021-04-03 15:01:02'),
(65, 120, 'Favian Ruecker V', 'mmacejkovic@halvorson.com', '2021-04-03 15:01:02', '2021-04-03 15:01:02'),
(66, 15, 'Albertha Bashirian', 'alejandrin49@hotmail.com', '2021-04-03 15:01:02', '2021-04-03 15:01:02'),
(67, 68, 'Gladyce Harvey', 'reggie.pagac@hotmail.com', '2021-04-03 15:01:02', '2021-04-03 15:01:02'),
(68, 99, 'Sigurd Kemmer', 'lbatz@brekke.org', '2021-04-03 15:01:02', '2021-04-03 15:01:02'),
(69, 129, 'Dr. Garth Auer', 'gracie.bosco@hill.com', '2021-04-03 15:01:02', '2021-04-03 15:01:02'),
(70, 114, 'Ova Bartoletti V', 'rosemary.herman@murazik.com', '2021-04-03 15:01:02', '2021-04-03 15:01:02'),
(71, 181, 'Astrid Koepp', 'ruth.hoppe@gmail.com', '2021-04-03 15:01:02', '2021-04-03 15:01:02'),
(72, 119, 'Karl Schinner', 'josefina03@yahoo.com', '2021-04-03 15:01:02', '2021-04-03 15:01:02'),
(73, 117, 'Darion Adams', 'breitenberg.harmony@hotmail.com', '2021-04-03 15:01:02', '2021-04-03 15:01:02'),
(74, 107, 'Jarod Hoeger Sr.', 'kurt35@hotmail.com', '2021-04-03 15:01:02', '2021-04-03 15:01:02'),
(75, 116, 'Dr. Dasia Hessel V', 'kiarra.becker@cruickshank.com', '2021-04-03 15:01:02', '2021-04-03 15:01:02'),
(76, 172, 'Makayla Crooks', 'haley.alvena@walsh.com', '2021-04-03 15:01:02', '2021-04-03 15:01:02'),
(77, 3, 'Gus Frami', 'jast.jakayla@hotmail.com', '2021-04-03 15:01:02', '2021-04-03 15:01:02'),
(78, 178, 'Evan Hermiston II', 'dorothea04@heidenreich.com', '2021-04-03 15:01:02', '2021-04-03 15:01:02'),
(79, 115, 'Oren Harvey', 'dmueller@hotmail.com', '2021-04-03 15:01:02', '2021-04-03 15:01:02'),
(80, 76, 'Carol Koepp', 'grimes.earnest@yahoo.com', '2021-04-03 15:01:02', '2021-04-03 15:01:02'),
(81, 173, 'Dr. Allene Greenfelder MD', 'wturcotte@hotmail.com', '2021-04-03 15:01:02', '2021-04-03 15:01:02'),
(82, 8, 'Miss Miracle Bergnaum', 'savanna82@abbott.org', '2021-04-03 15:01:02', '2021-04-03 15:01:02'),
(83, 2, 'Gilda Hane', 'feeney.dolly@schroeder.info', '2021-04-03 15:01:02', '2021-04-03 15:01:02'),
(84, 133, 'Dawn Howe', 'nlueilwitz@ferry.biz', '2021-04-03 15:01:02', '2021-04-03 15:01:02'),
(85, 131, 'Diana Leffler', 'oswaldo.cruickshank@hintz.com', '2021-04-03 15:01:02', '2021-04-03 15:01:02'),
(86, 159, 'Ms. Suzanne Gusikowski', 'maida23@smitham.net', '2021-04-03 15:01:02', '2021-04-03 15:01:02'),
(87, 128, 'Kaley Gerhold Jr.', 'stefan26@gmail.com', '2021-04-03 15:01:02', '2021-04-03 15:01:02'),
(88, 164, 'Devante Stracke', 'hbartell@hotmail.com', '2021-04-03 15:01:02', '2021-04-03 15:01:02'),
(89, 8, 'Malika Murray', 'hallie67@hotmail.com', '2021-04-03 15:01:02', '2021-04-03 15:01:02'),
(90, 186, 'Sonya Moen', 'considine.patrick@gmail.com', '2021-04-03 15:01:02', '2021-04-03 15:01:02'),
(91, 154, 'Karli Gutmann', 'conroy.destin@schmidt.com', '2021-04-03 15:01:02', '2021-04-03 15:01:02'),
(92, 1, 'Orland Conroy', 'kadin.brekke@klocko.com', '2021-04-03 15:01:02', '2021-04-03 15:01:02'),
(93, 175, 'Lue Johnston', 'heloise89@gmail.com', '2021-04-03 15:01:02', '2021-04-03 15:01:02'),
(94, 176, 'Elody O\'Hara', 'sadie.ratke@gmail.com', '2021-04-03 15:01:02', '2021-04-03 15:01:02'),
(95, 103, 'Lessie Buckridge', 'vsawayn@hamill.info', '2021-04-03 15:01:02', '2021-04-03 15:01:02'),
(96, 170, 'Prof. Clint Mante Sr.', 'braun.britney@hirthe.net', '2021-04-03 15:01:02', '2021-04-03 15:01:02'),
(97, 68, 'Ms. Meghan Wilderman Jr.', 'weston05@hotmail.com', '2021-04-03 15:01:02', '2021-04-03 15:01:02'),
(98, 82, 'Miss Vesta Beier', 'jaydon38@hotmail.com', '2021-04-03 15:01:02', '2021-04-03 15:01:02'),
(99, 118, 'Dr. Kurtis Schinner', 'wava44@hotmail.com', '2021-04-03 15:01:02', '2021-04-03 15:01:02'),
(100, 108, 'Dr. Roxanne Borer', 'gladys.lowe@kihn.com', '2021-04-03 15:01:02', '2021-04-03 15:01:02'),
(101, 178, 'Marcelina Altenwerth', 'sophia.kutch@hotmail.com', '2021-04-03 15:01:02', '2021-04-03 15:01:02'),
(102, 165, 'Foster Renner', 'prenner@hotmail.com', '2021-04-03 15:01:02', '2021-04-03 15:01:02'),
(103, 70, 'Eleonore Klocko', 'waylon.roberts@gmail.com', '2021-04-03 15:01:02', '2021-04-03 15:01:02'),
(104, 185, 'Madalyn O\'Kon', 'klittel@doyle.com', '2021-04-03 15:01:02', '2021-04-03 15:01:02'),
(105, 168, 'Miss Ettie McCullough Jr.', 'donnell69@hotmail.com', '2021-04-03 15:01:02', '2021-04-03 15:01:02'),
(106, 43, 'Alda Gulgowski', 'ysmith@hotmail.com', '2021-04-03 15:01:02', '2021-04-03 15:01:02'),
(107, 139, 'Cleta Green', 'lillie13@casper.com', '2021-04-03 15:01:02', '2021-04-03 15:01:02'),
(108, 56, 'Prof. Ariane Bayer PhD', 'isabelle49@gottlieb.com', '2021-04-03 15:01:02', '2021-04-03 15:01:02'),
(109, 75, 'Hipolito Kirlin MD', 'feest.madisen@gmail.com', '2021-04-03 15:01:02', '2021-04-03 15:01:02'),
(110, 145, 'Lorena Anderson', 'london.lubowitz@hotmail.com', '2021-04-03 15:01:02', '2021-04-03 15:01:02'),
(111, 139, 'Trevion Pfannerstill', 'betsy87@jacobi.info', '2021-04-03 15:01:02', '2021-04-03 15:01:02'),
(112, 185, 'Dr. Nicholaus Spinka V', 'olson.harry@yahoo.com', '2021-04-03 15:01:02', '2021-04-03 15:01:02'),
(113, 110, 'Leon Littel', 'yost.brannon@hotmail.com', '2021-04-03 15:01:02', '2021-04-03 15:01:02'),
(114, 39, 'Renee Borer', 'rpollich@damore.com', '2021-04-03 15:01:02', '2021-04-03 15:01:02'),
(115, 120, 'Landen Lockman', 'zdeckow@eichmann.com', '2021-04-03 15:01:02', '2021-04-03 15:01:02'),
(116, 186, 'Joany Veum', 'johnson13@will.biz', '2021-04-03 15:01:02', '2021-04-03 15:01:02'),
(117, 180, 'Addison Shields', 'thickle@gmail.com', '2021-04-03 15:01:02', '2021-04-03 15:01:02'),
(118, 1, 'Bret Champlin III', 'gerhold.meredith@abernathy.com', '2021-04-03 15:01:02', '2021-04-03 15:01:02'),
(119, 132, 'Mrs. Flavie Huel', 'oheidenreich@yahoo.com', '2021-04-03 15:01:02', '2021-04-03 15:01:02'),
(120, 189, 'Mr. Florencio Mohr', 'zella35@oconnell.com', '2021-04-03 15:01:02', '2021-04-03 15:01:02'),
(121, 22, 'Monty Jast', 'braden.ruecker@cartwright.org', '2021-04-03 15:01:02', '2021-04-03 15:01:02'),
(122, 108, 'Prof. Karine Jacobi PhD', 'dfeest@yahoo.com', '2021-04-03 15:01:02', '2021-04-03 15:01:02'),
(123, 94, 'Madalyn Haley', 'breitenberg.elwin@yahoo.com', '2021-04-03 15:01:02', '2021-04-03 15:01:02'),
(124, 177, 'Santiago Volkman', 'shakira.connelly@brakus.info', '2021-04-03 15:01:02', '2021-04-03 15:01:02'),
(125, 49, 'Lilly Kutch', 'zwolff@hotmail.com', '2021-04-03 15:01:02', '2021-04-03 15:01:02'),
(126, 2, 'Prof. Tess Crist', 'magdalen.medhurst@yahoo.com', '2021-04-03 15:01:02', '2021-04-03 15:01:02'),
(127, 142, 'Mrs. Aletha Grant III', 'jacobi.karine@larson.com', '2021-04-03 15:01:02', '2021-04-03 15:01:02'),
(128, 25, 'Miss Selina Toy III', 'johnnie.will@gmail.com', '2021-04-03 15:01:02', '2021-04-03 15:01:02'),
(129, 196, 'Eunice Yost', 'kiana85@hotmail.com', '2021-04-03 15:01:02', '2021-04-03 15:01:02'),
(130, 142, 'Madaline Ferry', 'herminia.parisian@gmail.com', '2021-04-03 15:01:02', '2021-04-03 15:01:02'),
(131, 137, 'Prof. Emmanuelle Renner IV', 'treutel.cornelius@dicki.com', '2021-04-03 15:01:02', '2021-04-03 15:01:02'),
(132, 3, 'Willy Hickle', 'demarco.dare@yahoo.com', '2021-04-03 15:01:02', '2021-04-03 15:01:02'),
(133, 82, 'Arianna Stracke', 'iweber@hackett.org', '2021-04-03 15:01:02', '2021-04-03 15:01:02'),
(134, 120, 'Lilly Luettgen', 'vonrueden.karlie@hotmail.com', '2021-04-03 15:01:02', '2021-04-03 15:01:02'),
(135, 29, 'Annie Hansen', 'evie85@leannon.biz', '2021-04-03 15:01:02', '2021-04-03 15:01:02'),
(136, 81, 'Prof. Kylie Sanford', 'emmalee.moore@roberts.com', '2021-04-03 15:01:02', '2021-04-03 15:01:02'),
(137, 58, 'Justyn Stokes', 'jarvis.zulauf@weimann.biz', '2021-04-03 15:01:02', '2021-04-03 15:01:02'),
(138, 198, 'Royce Fahey', 'chase.daniel@hoeger.com', '2021-04-03 15:01:02', '2021-04-03 15:01:02'),
(139, 51, 'Mrs. Leslie Kertzmann I', 'hartmann.clair@corwin.biz', '2021-04-03 15:01:02', '2021-04-03 15:01:02'),
(140, 29, 'Dr. Khalid Parker', 'xjohnston@gmail.com', '2021-04-03 15:01:02', '2021-04-03 15:01:02'),
(141, 178, 'Liza Beier', 'eda72@lockman.com', '2021-04-03 15:01:02', '2021-04-03 15:01:02'),
(142, 66, 'Dolores Larkin', 'stokes.werner@yahoo.com', '2021-04-03 15:01:02', '2021-04-03 15:01:02'),
(143, 132, 'Kenya Schamberger', 'pbeahan@gmail.com', '2021-04-03 15:01:02', '2021-04-03 15:01:02'),
(144, 59, 'Jermaine Reinger', 'bbreitenberg@hotmail.com', '2021-04-03 15:01:02', '2021-04-03 15:01:02'),
(145, 169, 'Dr. Reinhold Stoltenberg', 'mbruen@swaniawski.com', '2021-04-03 15:01:02', '2021-04-03 15:01:02'),
(146, 177, 'Mr. Justyn Kris', 'cstehr@hotmail.com', '2021-04-03 15:01:02', '2021-04-03 15:01:02'),
(147, 15, 'Maya Schultz', 'felton83@ebert.com', '2021-04-03 15:01:02', '2021-04-03 15:01:02'),
(148, 3, 'Jazmyn Blick', 'guadalupe.stehr@yahoo.com', '2021-04-03 15:01:02', '2021-04-03 15:01:02'),
(149, 30, 'Dr. Kayden Walker V', 'davion.thiel@gmail.com', '2021-04-03 15:01:02', '2021-04-03 15:01:02'),
(150, 102, 'Gail Effertz PhD', 'wiley46@yahoo.com', '2021-04-03 15:01:02', '2021-04-03 15:01:02'),
(151, 141, 'Wiley Crona', 'kelton.kunze@greenfelder.net', '2021-04-03 15:01:02', '2021-04-03 15:01:02'),
(152, 165, 'Aditya Casper', 'murray.emerald@gmail.com', '2021-04-03 15:01:02', '2021-04-03 15:01:02'),
(153, 193, 'Arch Heller', 'koch.thalia@yahoo.com', '2021-04-03 15:01:02', '2021-04-03 15:01:02'),
(154, 137, 'Pete Larson', 'dewayne.considine@gmail.com', '2021-04-03 15:01:02', '2021-04-03 15:01:02'),
(155, 109, 'Casper Mills', 'carlotta90@halvorson.com', '2021-04-03 15:01:02', '2021-04-03 15:01:02'),
(156, 186, 'Jaime Gerhold', 'josue.borer@effertz.com', '2021-04-03 15:01:02', '2021-04-03 15:01:02'),
(157, 53, 'Frederik Emmerich', 'ocie.powlowski@collier.com', '2021-04-03 15:01:02', '2021-04-03 15:01:02'),
(158, 128, 'Bernice Kassulke I', 'carson78@gmail.com', '2021-04-03 15:01:02', '2021-04-03 15:01:02'),
(159, 26, 'Erna Hintz', 'name.metz@gmail.com', '2021-04-03 15:01:02', '2021-04-03 15:01:02'),
(160, 39, 'Arden Balistreri III', 'gorczany.naomi@hotmail.com', '2021-04-03 15:01:02', '2021-04-03 15:01:02'),
(161, 6, 'Prof. Lorna Hoeger I', 'ava.welch@funk.net', '2021-04-03 15:01:02', '2021-04-03 15:01:02'),
(162, 139, 'Dr. Aaliyah Douglas', 'percy.murray@langworth.com', '2021-04-03 15:01:02', '2021-04-03 15:01:02'),
(163, 63, 'Susana Russel', 'roel.rice@damore.com', '2021-04-03 15:01:02', '2021-04-03 15:01:02'),
(164, 35, 'Verna Nitzsche', 'ryder.mante@yahoo.com', '2021-04-03 15:01:02', '2021-04-03 15:01:02'),
(165, 16, 'Brady Herzog', 'declan59@windler.com', '2021-04-03 15:01:02', '2021-04-03 15:01:02'),
(166, 78, 'Samson Wintheiser', 'frami.cameron@gmail.com', '2021-04-03 15:01:02', '2021-04-03 15:01:02'),
(167, 30, 'Prof. Demetrius O\'Keefe IV', 'melany.hodkiewicz@yahoo.com', '2021-04-03 15:01:02', '2021-04-03 15:01:02'),
(168, 131, 'Mckayla Reilly', 'vena08@gmail.com', '2021-04-03 15:01:02', '2021-04-03 15:01:02'),
(169, 166, 'Reece Rogahn', 'krajcik.marilou@cole.com', '2021-04-03 15:01:02', '2021-04-03 15:01:02'),
(170, 7, 'Prof. Robert Waters', 'leonie51@hand.com', '2021-04-03 15:01:02', '2021-04-03 15:01:02'),
(171, 190, 'Jesse Funk', 'wrunolfsson@feil.com', '2021-04-03 15:01:02', '2021-04-03 15:01:02'),
(172, 142, 'Porter Gislason', 'hettie79@yahoo.com', '2021-04-03 15:01:02', '2021-04-03 15:01:02'),
(173, 180, 'Prof. Jeramie Keebler DDS', 'hegmann.alivia@yahoo.com', '2021-04-03 15:01:02', '2021-04-03 15:01:02'),
(174, 52, 'Ms. Sonia Koelpin', 'guiseppe.adams@schmeler.com', '2021-04-03 15:01:02', '2021-04-03 15:01:02'),
(175, 179, 'Dianna Herzog', 'norene.rolfson@yahoo.com', '2021-04-03 15:01:02', '2021-04-03 15:01:02'),
(176, 177, 'Brenden Murazik', 'winona62@littel.org', '2021-04-03 15:01:02', '2021-04-03 15:01:02'),
(177, 161, 'Kasey Pouros', 'jpowlowski@schaden.com', '2021-04-03 15:01:02', '2021-04-03 15:01:02'),
(178, 147, 'Mrs. Demetris Marvin', 'francisco55@gmail.com', '2021-04-03 15:01:02', '2021-04-03 15:01:02'),
(179, 128, 'Katharina Olson', 'hermiston.theresia@hotmail.com', '2021-04-03 15:01:02', '2021-04-03 15:01:02'),
(180, 199, 'Ms. Jude Schuster Jr.', 'autumn71@legros.net', '2021-04-03 15:01:02', '2021-04-03 15:01:02'),
(181, 124, 'Grayson Lubowitz', 'arnaldo.sauer@yahoo.com', '2021-04-03 15:01:02', '2021-04-03 15:01:02'),
(182, 36, 'Marcelina Schaden', 'dietrich.bobby@hotmail.com', '2021-04-03 15:01:02', '2021-04-03 15:01:02'),
(183, 85, 'Jaquelin Jacobi PhD', 'mikel89@block.org', '2021-04-03 15:01:02', '2021-04-03 15:01:02'),
(184, 46, 'Ashley Kunze', 'romaguera.marcelina@yahoo.com', '2021-04-03 15:01:02', '2021-04-03 15:01:02'),
(185, 65, 'Otha Torp', 'slangosh@johnston.com', '2021-04-03 15:01:02', '2021-04-03 15:01:02'),
(186, 193, 'Mazie Steuber V', 'misty31@gmail.com', '2021-04-03 15:01:02', '2021-04-03 15:01:02'),
(187, 185, 'Everett Waters MD', 'kellie.willms@yahoo.com', '2021-04-03 15:01:02', '2021-04-03 15:01:02'),
(188, 173, 'Otto Lueilwitz', 'flo.fahey@gmail.com', '2021-04-03 15:01:02', '2021-04-03 15:01:02'),
(189, 138, 'Layla Quigley I', 'emmerich.kaley@olson.org', '2021-04-03 15:01:02', '2021-04-03 15:01:02'),
(190, 50, 'Philip Fisher', 'beatty.maud@hotmail.com', '2021-04-03 15:01:02', '2021-04-03 15:01:02'),
(191, 140, 'Rosalind Kunde', 'cartwright.cassie@vonrueden.com', '2021-04-03 15:01:02', '2021-04-03 15:01:02'),
(192, 32, 'Tess Nienow DVM', 'abraham.daniel@daugherty.com', '2021-04-03 15:01:02', '2021-04-03 15:01:02'),
(193, 148, 'Lenora Dickinson', 'roberta.balistreri@hotmail.com', '2021-04-03 15:01:02', '2021-04-03 15:01:02'),
(194, 128, 'Jadyn Stehr Jr.', 'jtowne@oberbrunner.com', '2021-04-03 15:01:02', '2021-04-03 15:01:02'),
(195, 38, 'Jake Jacobson', 'chris07@hotmail.com', '2021-04-03 15:01:02', '2021-04-03 15:01:02'),
(196, 179, 'Marilou Bartoletti PhD', 'kmorissette@daniel.com', '2021-04-03 15:01:02', '2021-04-03 15:01:02'),
(197, 27, 'Joel Boyer', 'marisa28@yahoo.com', '2021-04-03 15:01:02', '2021-04-03 15:01:02'),
(198, 160, 'Devyn Flatley DVM', 'gsmitham@yahoo.com', '2021-04-03 15:01:02', '2021-04-03 15:01:02'),
(199, 65, 'Dr. Gudrun Mertz', 'florence07@jakubowski.com', '2021-04-03 15:01:02', '2021-04-03 15:01:02'),
(200, 27, 'Mrs. Amely Batz', 'audra.cole@hermiston.com', '2021-04-03 15:01:02', '2021-04-03 15:01:02'),
(201, 57, 'Dr. Isabella Hodkiewicz', 'susanna.towne@sawayn.com', '2021-04-03 15:01:02', '2021-04-03 15:01:02'),
(202, 37, 'Ibrahim Bradtke', 'hildegard63@lemke.info', '2021-04-03 15:01:02', '2021-04-03 15:01:02'),
(203, 164, 'Maia Koelpin', 'zkilback@yahoo.com', '2021-04-03 15:01:02', '2021-04-03 15:01:02'),
(204, 13, 'Marilie Baumbach IV', 'marge01@cummerata.com', '2021-04-03 15:01:02', '2021-04-03 15:01:02'),
(205, 133, 'Alda Beahan', 'schuppe.lance@gmail.com', '2021-04-03 15:01:02', '2021-04-03 15:01:02'),
(206, 30, 'Rosemarie Considine', 'jakubowski.berenice@bechtelar.net', '2021-04-03 15:01:02', '2021-04-03 15:01:02'),
(207, 197, 'Jammie Bechtelar I', 'bgaylord@yahoo.com', '2021-04-03 15:01:02', '2021-04-03 15:01:02'),
(208, 69, 'Stefan Green', 'khills@lemke.com', '2021-04-03 15:01:02', '2021-04-03 15:01:02'),
(209, 9, 'Dr. Ezekiel Kuhn', 'jedidiah92@berge.org', '2021-04-03 15:01:02', '2021-04-03 15:01:02'),
(210, 161, 'Gage Mills', 'xbrown@hotmail.com', '2021-04-03 15:01:02', '2021-04-03 15:01:02'),
(211, 34, 'Verda Grant', 'smorar@dickens.biz', '2021-04-03 15:01:02', '2021-04-03 15:01:02'),
(212, 162, 'Dr. Maeve Berge', 'jgoodwin@yahoo.com', '2021-04-03 15:01:02', '2021-04-03 15:01:02'),
(213, 199, 'Mr. Emerald Bechtelar MD', 'xhermiston@mclaughlin.com', '2021-04-03 15:01:02', '2021-04-03 15:01:02'),
(214, 165, 'Stacey Schumm', 'jaltenwerth@oberbrunner.com', '2021-04-03 15:01:02', '2021-04-03 15:01:02'),
(215, 141, 'Lottie Hilpert Sr.', 'katarina97@smitham.com', '2021-04-03 15:01:02', '2021-04-03 15:01:02'),
(216, 33, 'Christophe Leannon II', 'rau.chesley@nicolas.com', '2021-04-03 15:01:02', '2021-04-03 15:01:02'),
(217, 67, 'Karlee DuBuque', 'lowe.shanny@hotmail.com', '2021-04-03 15:01:02', '2021-04-03 15:01:02'),
(218, 14, 'Haley Morar', 'ericka.schroeder@hickle.biz', '2021-04-03 15:01:02', '2021-04-03 15:01:02'),
(219, 79, 'Cornelius Champlin', 'konopelski.loraine@hotmail.com', '2021-04-03 15:01:02', '2021-04-03 15:01:02'),
(220, 13, 'Malachi Leuschke', 'stan77@hotmail.com', '2021-04-03 15:01:02', '2021-04-03 15:01:02'),
(221, 69, 'Philip Bergstrom', 'jayden53@hotmail.com', '2021-04-03 15:01:02', '2021-04-03 15:01:02'),
(222, 81, 'Dr. Jaquelin Sipes PhD', 'moen.sammy@lemke.info', '2021-04-03 15:01:02', '2021-04-03 15:01:02'),
(223, 103, 'Anastasia Johnston', 'jnader@waelchi.org', '2021-04-03 15:01:02', '2021-04-03 15:01:02'),
(224, 182, 'Marcel Bruen', 'ihegmann@yahoo.com', '2021-04-03 15:01:02', '2021-04-03 15:01:02'),
(225, 141, 'Octavia Schoen', 'ykunze@wolff.biz', '2021-04-03 15:01:02', '2021-04-03 15:01:02'),
(226, 71, 'Prof. Joey Will', 'elias.franecki@yahoo.com', '2021-04-03 15:01:02', '2021-04-03 15:01:02'),
(227, 163, 'Alexandria Zieme PhD', 'jacobs.harrison@yahoo.com', '2021-04-03 15:01:02', '2021-04-03 15:01:02'),
(228, 187, 'Mr. Devon Murphy MD', 'omacejkovic@ferry.biz', '2021-04-03 15:01:02', '2021-04-03 15:01:02'),
(229, 192, 'Sarah Dicki', 'jerde.brock@gmail.com', '2021-04-03 15:01:02', '2021-04-03 15:01:02'),
(230, 161, 'Anne Ankunding', 'tamara86@schroeder.com', '2021-04-03 15:01:02', '2021-04-03 15:01:02'),
(231, 138, 'Randal Fadel', 'aschultz@watsica.com', '2021-04-03 15:01:02', '2021-04-03 15:01:02'),
(232, 181, 'Antonette Weissnat', 'lucienne09@erdman.net', '2021-04-03 15:01:02', '2021-04-03 15:01:02'),
(233, 153, 'Maximilian Ryan', 'eweimann@gmail.com', '2021-04-03 15:01:02', '2021-04-03 15:01:02'),
(234, 128, 'Prof. Efrain Kiehn I', 'qmoen@beier.net', '2021-04-03 15:01:02', '2021-04-03 15:01:02'),
(235, 29, 'Mathilde Bergnaum', 'jdare@hotmail.com', '2021-04-03 15:01:02', '2021-04-03 15:01:02'),
(236, 154, 'Chloe Cartwright', 'josiane92@hotmail.com', '2021-04-03 15:01:02', '2021-04-03 15:01:02'),
(237, 151, 'Dr. Josh Stamm Sr.', 'qortiz@littel.biz', '2021-04-03 15:01:02', '2021-04-03 15:01:02'),
(238, 103, 'Marge Hickle', 'xbecker@yahoo.com', '2021-04-03 15:01:02', '2021-04-03 15:01:02'),
(239, 117, 'Cory Paucek DVM', 'trevor15@walsh.net', '2021-04-03 15:01:02', '2021-04-03 15:01:02'),
(240, 12, 'Blair Hamill', 'brennan.nikolaus@mcclure.com', '2021-04-03 15:01:02', '2021-04-03 15:01:02'),
(241, 25, 'Madonna Wunsch', 'charlie.pouros@buckridge.org', '2021-04-03 15:01:02', '2021-04-03 15:01:02'),
(242, 110, 'Clementine Wintheiser IV', 'oswaldo.jacobson@yahoo.com', '2021-04-03 15:01:02', '2021-04-03 15:01:02'),
(243, 95, 'Moses Schmidt', 'runolfsdottir.leanne@pfeffer.com', '2021-04-03 15:01:02', '2021-04-03 15:01:02'),
(244, 108, 'Mrs. Ashly Rutherford III', 'gokeefe@macejkovic.com', '2021-04-03 15:01:02', '2021-04-03 15:01:02'),
(245, 72, 'Dr. Chadd Roberts MD', 'ukiehn@gmail.com', '2021-04-03 15:01:02', '2021-04-03 15:01:02'),
(246, 8, 'Jermain O\'Keefe', 'clemmie.powlowski@yahoo.com', '2021-04-03 15:01:02', '2021-04-03 15:01:02'),
(247, 70, 'Prof. Lydia Stracke III', 'madaline.moore@gmail.com', '2021-04-03 15:01:02', '2021-04-03 15:01:02'),
(248, 25, 'Rosemarie Marks', 'bennett.blick@yahoo.com', '2021-04-03 15:01:02', '2021-04-03 15:01:02'),
(249, 200, 'Coty Bode', 'cassandre.ankunding@schulist.biz', '2021-04-03 15:01:02', '2021-04-03 15:01:02'),
(250, 34, 'Zella Goldner', 'rollin.ziemann@schulist.com', '2021-04-03 15:01:02', '2021-04-03 15:01:02'),
(251, 88, 'Keith Willms Sr.', 'gcollins@gmail.com', '2021-04-03 15:01:02', '2021-04-03 15:01:02'),
(252, 100, 'Marjorie Reichert', 'psteuber@towne.com', '2021-04-03 15:01:02', '2021-04-03 15:01:02'),
(253, 164, 'Bradley McDermott', 'ecollins@gmail.com', '2021-04-03 15:01:02', '2021-04-03 15:01:02'),
(254, 52, 'Camron Bartoletti', 'junius.frami@hotmail.com', '2021-04-03 15:01:02', '2021-04-03 15:01:02'),
(255, 162, 'Missouri Ritchie', 'rigoberto.hane@schneider.org', '2021-04-03 15:01:02', '2021-04-03 15:01:02'),
(256, 128, 'Santos Hand', 'paige56@gmail.com', '2021-04-03 15:01:02', '2021-04-03 15:01:02'),
(257, 75, 'Cecelia Rath', 'qgleichner@senger.info', '2021-04-03 15:01:02', '2021-04-03 15:01:02'),
(258, 191, 'Cali Schoen', 'moore.casimer@balistreri.info', '2021-04-03 15:01:02', '2021-04-03 15:01:02'),
(259, 115, 'Dr. Lindsay Stanton', 'leilani36@homenick.com', '2021-04-03 15:01:02', '2021-04-03 15:01:02'),
(260, 180, 'Prof. Amos Ortiz Jr.', 'xheaney@huels.com', '2021-04-03 15:01:02', '2021-04-03 15:01:02'),
(261, 99, 'Aylin Blanda', 'godfrey.emmerich@koelpin.net', '2021-04-03 15:01:02', '2021-04-03 15:01:02'),
(262, 17, 'Adriel Kirlin', 'kyra.pouros@beatty.com', '2021-04-03 15:01:02', '2021-04-03 15:01:02'),
(263, 173, 'Vicenta Runolfsson', 'hoeger.virgie@gmail.com', '2021-04-03 15:01:02', '2021-04-03 15:01:02'),
(264, 171, 'Bernie Sporer', 'steuber.krystina@hotmail.com', '2021-04-03 15:01:02', '2021-04-03 15:01:02'),
(265, 115, 'Vida Cummings', 'emerald.sauer@raynor.biz', '2021-04-03 15:01:02', '2021-04-03 15:01:02'),
(266, 92, 'Alysha Crist', 'fbode@hotmail.com', '2021-04-03 15:01:02', '2021-04-03 15:01:02'),
(267, 138, 'Federico Adams', 'turcotte.mina@yahoo.com', '2021-04-03 15:01:02', '2021-04-03 15:01:02'),
(268, 125, 'Mrs. Alivia Jerde', 'adelbert32@dare.net', '2021-04-03 15:01:02', '2021-04-03 15:01:02'),
(269, 148, 'Sister Wisoky', 'ernser.pete@stracke.org', '2021-04-03 15:01:02', '2021-04-03 15:01:02'),
(270, 194, 'Prof. Presley Bins II', 'naomi81@vonrueden.com', '2021-04-03 15:01:02', '2021-04-03 15:01:02'),
(271, 71, 'Dr. Cary Kiehn II', 'olson.jermey@hotmail.com', '2021-04-03 15:01:02', '2021-04-03 15:01:02'),
(272, 99, 'Abraham Fritsch DDS', 'carlo68@harris.org', '2021-04-03 15:01:02', '2021-04-03 15:01:02'),
(273, 45, 'Dr. Jean Abshire MD', 'sadye.purdy@gmail.com', '2021-04-03 15:01:02', '2021-04-03 15:01:02'),
(274, 60, 'Prof. Hayley Cartwright', 'vaughn.herman@yahoo.com', '2021-04-03 15:01:02', '2021-04-03 15:01:02'),
(275, 121, 'Mr. Josiah Dooley I', 'felton67@cormier.net', '2021-04-03 15:01:02', '2021-04-03 15:01:02'),
(276, 187, 'Bridgette Flatley', 'fisher.bridie@frami.com', '2021-04-03 15:01:02', '2021-04-03 15:01:02'),
(277, 76, 'Bartholome Abernathy', 'brisa.friesen@yahoo.com', '2021-04-03 15:01:02', '2021-04-03 15:01:02'),
(278, 74, 'Jovanny Reilly PhD', 'dickinson.emmanuel@yahoo.com', '2021-04-03 15:01:02', '2021-04-03 15:01:02'),
(279, 23, 'Lincoln Rohan', 'wilkinson.nella@jacobi.org', '2021-04-03 15:01:02', '2021-04-03 15:01:02'),
(280, 53, 'Jena Dietrich IV', 'raquel01@cole.com', '2021-04-03 15:01:02', '2021-04-03 15:01:02'),
(281, 138, 'Rosalyn Toy', 'corbin67@yahoo.com', '2021-04-03 15:01:02', '2021-04-03 15:01:02'),
(282, 66, 'Dr. Mattie Schamberger', 'joesph84@flatley.com', '2021-04-03 15:01:02', '2021-04-03 15:01:02'),
(283, 17, 'Bradly Blick', 'pstiedemann@ziemann.info', '2021-04-03 15:01:02', '2021-04-03 15:01:02'),
(284, 46, 'Dr. Eldridge Bernhard', 'verner02@von.net', '2021-04-03 15:01:02', '2021-04-03 15:01:02'),
(285, 142, 'Antwan Kulas V', 'bins.paul@hotmail.com', '2021-04-03 15:01:02', '2021-04-03 15:01:02'),
(286, 133, 'Ms. Rozella Runolfsdottir MD', 'fsauer@yahoo.com', '2021-04-03 15:01:02', '2021-04-03 15:01:02'),
(287, 198, 'Prof. Domingo Batz Jr.', 'linda59@rohan.org', '2021-04-03 15:01:02', '2021-04-03 15:01:02'),
(288, 170, 'Rowland McClure', 'kozey.quinten@senger.com', '2021-04-03 15:01:02', '2021-04-03 15:01:02'),
(289, 118, 'Tamia Reinger', 'goodwin.annetta@yahoo.com', '2021-04-03 15:01:02', '2021-04-03 15:01:02'),
(290, 111, 'Prof. Alice Anderson', 'opollich@yahoo.com', '2021-04-03 15:01:02', '2021-04-03 15:01:02'),
(291, 9, 'Audreanne Shields Jr.', 'olaf52@becker.com', '2021-04-03 15:01:02', '2021-04-03 15:01:02'),
(292, 52, 'Christina Stoltenberg', 'jturcotte@metz.com', '2021-04-03 15:01:02', '2021-04-03 15:01:02'),
(293, 140, 'Prof. Crystal Mitchell', 'hillard.langosh@mohr.org', '2021-04-03 15:01:02', '2021-04-03 15:01:02'),
(294, 103, 'Humberto Brown', 'juanita55@bartell.net', '2021-04-03 15:01:02', '2021-04-03 15:01:02'),
(295, 58, 'Idell Torphy', 'julien60@beer.org', '2021-04-03 15:01:02', '2021-04-03 15:01:02'),
(296, 20, 'Santiago Metz', 'ibauch@nikolaus.com', '2021-04-03 15:01:02', '2021-04-03 15:01:02'),
(297, 45, 'Tomasa Wolf', 'abbey.prohaska@willms.com', '2021-04-03 15:01:02', '2021-04-03 15:01:02'),
(298, 197, 'Christa Maggio PhD', 'boehm.eryn@hotmail.com', '2021-04-03 15:01:02', '2021-04-03 15:01:02'),
(299, 175, 'Jayce Hudson', 'noel17@yahoo.com', '2021-04-03 15:01:02', '2021-04-03 15:01:02'),
(300, 18, 'Prof. Kennedi Murray', 'kurtis67@yahoo.com', '2021-04-03 15:01:02', '2021-04-03 15:01:02'),
(301, 88, 'Dr. Jacquelyn Klocko DVM', 'johns.sarai@hotmail.com', '2021-04-03 15:01:02', '2021-04-03 15:01:02'),
(302, 89, 'Hazle Williamson III', 'marley.hauck@hotmail.com', '2021-04-03 15:01:02', '2021-04-03 15:01:02'),
(303, 103, 'Elisa Braun', 'jlakin@gmail.com', '2021-04-03 15:01:02', '2021-04-03 15:01:02'),
(304, 152, 'Clara Feest III', 'jaylin.green@hotmail.com', '2021-04-03 15:01:02', '2021-04-03 15:01:02'),
(305, 119, 'Dr. Ted Jacobson IV', 'sylvester.wolf@gmail.com', '2021-04-03 15:01:02', '2021-04-03 15:01:02'),
(306, 31, 'Miss Dorris Pacocha', 'dweber@wehner.com', '2021-04-03 15:01:02', '2021-04-03 15:01:02'),
(307, 147, 'Ima Langosh', 'ward.antonina@gmail.com', '2021-04-03 15:01:02', '2021-04-03 15:01:02'),
(308, 87, 'Prof. Ottis Mosciski DVM', 'pemmerich@johnston.org', '2021-04-03 15:01:02', '2021-04-03 15:01:02'),
(309, 64, 'King Altenwerth IV', 'estell45@crooks.com', '2021-04-03 15:01:02', '2021-04-03 15:01:02'),
(310, 115, 'Prof. Gregg Lueilwitz', 'smith.krista@hotmail.com', '2021-04-03 15:01:02', '2021-04-03 15:01:02'),
(311, 56, 'Mrs. Angelica Sanford', 'arno34@doyle.com', '2021-04-03 15:01:02', '2021-04-03 15:01:02'),
(312, 138, 'Rosalee Crona Jr.', 'hope.fritsch@yahoo.com', '2021-04-03 15:01:02', '2021-04-03 15:01:02'),
(313, 124, 'Sierra Beier', 'schmitt.anahi@kuvalis.com', '2021-04-03 15:01:02', '2021-04-03 15:01:02'),
(314, 5, 'Jamir Denesik', 'gkoch@konopelski.com', '2021-04-03 15:01:02', '2021-04-03 15:01:02'),
(315, 95, 'Florence Mills', 'mallory12@reichel.net', '2021-04-03 15:01:02', '2021-04-03 15:01:02'),
(316, 28, 'Ericka Wolff PhD', 'homenick.paolo@yahoo.com', '2021-04-03 15:01:02', '2021-04-03 15:01:02'),
(317, 28, 'Mr. Gaylord Ratke Sr.', 'pietro.runolfsson@schneider.com', '2021-04-03 15:01:02', '2021-04-03 15:01:02'),
(318, 36, 'Prof. Dedrick Aufderhar III', 'candice17@schinner.com', '2021-04-03 15:01:02', '2021-04-03 15:01:02'),
(319, 146, 'Miss Destiny Kunze', 'bernhard.araceli@yahoo.com', '2021-04-03 15:01:02', '2021-04-03 15:01:02'),
(320, 89, 'Mr. Diamond Kuhlman MD', 'leannon.alexzander@weber.com', '2021-04-03 15:01:02', '2021-04-03 15:01:02'),
(321, 148, 'Donavon Feil', 'obeatty@dooley.biz', '2021-04-03 15:01:02', '2021-04-03 15:01:02'),
(322, 116, 'Prof. Leone Koss DDS', 'caleigh.white@lehner.com', '2021-04-03 15:01:02', '2021-04-03 15:01:02'),
(323, 164, 'Ms. Heath Walker', 'carmel.abernathy@hotmail.com', '2021-04-03 15:01:02', '2021-04-03 15:01:02'),
(324, 194, 'Ned Dickinson Sr.', 'simeon.legros@hotmail.com', '2021-04-03 15:01:02', '2021-04-03 15:01:02'),
(325, 188, 'Mrs. Trinity Schultz', 'alexander76@gmail.com', '2021-04-03 15:01:02', '2021-04-03 15:01:02'),
(326, 98, 'Hadley Murphy', 'robb92@waelchi.net', '2021-04-03 15:01:02', '2021-04-03 15:01:02'),
(327, 39, 'Prof. Maude Christiansen', 'mike67@weissnat.com', '2021-04-03 15:01:02', '2021-04-03 15:01:02'),
(328, 162, 'Vilma Lehner', 'yasmin.cronin@gmail.com', '2021-04-03 15:01:02', '2021-04-03 15:01:02'),
(329, 152, 'Max Balistreri', 'chesley99@orn.com', '2021-04-03 15:01:02', '2021-04-03 15:01:02'),
(330, 150, 'Josie Waelchi', 'vgorczany@yahoo.com', '2021-04-03 15:01:02', '2021-04-03 15:01:02'),
(331, 147, 'Cassidy Wilderman', 'bernard.lesch@yahoo.com', '2021-04-03 15:01:02', '2021-04-03 15:01:02'),
(332, 126, 'Mr. Raymundo Mills', 'nemmerich@yahoo.com', '2021-04-03 15:01:02', '2021-04-03 15:01:02'),
(333, 174, 'Amina Schaden', 'bahringer.joyce@raynor.biz', '2021-04-03 15:01:02', '2021-04-03 15:01:02'),
(334, 70, 'Angelita Grant', 'crutherford@bauch.com', '2021-04-03 15:01:02', '2021-04-03 15:01:02'),
(335, 116, 'Kristopher Roob', 'jenkins.lurline@douglas.com', '2021-04-03 15:01:02', '2021-04-03 15:01:02'),
(336, 82, 'Coby Kulas DDS', 'lemke.nora@weimann.net', '2021-04-03 15:01:02', '2021-04-03 15:01:02'),
(337, 53, 'Natalia Dietrich', 'juanita.kerluke@schneider.biz', '2021-04-03 15:01:02', '2021-04-03 15:01:02'),
(338, 113, 'Dr. Kiarra Mann', 'samson.mills@hotmail.com', '2021-04-03 15:01:02', '2021-04-03 15:01:02'),
(339, 45, 'Mr. Jayson Schneider', 'neal.ankunding@gmail.com', '2021-04-03 15:01:02', '2021-04-03 15:01:02'),
(340, 39, 'Catharine Yundt IV', 'milford27@gmail.com', '2021-04-03 15:01:02', '2021-04-03 15:01:02'),
(341, 126, 'Dr. Marina Wiegand III', 'eric.hoppe@wiegand.net', '2021-04-03 15:01:02', '2021-04-03 15:01:02'),
(342, 104, 'Hollie Friesen', 'kirstin.wintheiser@fay.biz', '2021-04-03 15:01:02', '2021-04-03 15:01:02'),
(343, 80, 'Tyshawn Fay', 'jasper61@lebsack.com', '2021-04-03 15:01:02', '2021-04-03 15:01:02'),
(344, 180, 'Keenan Jast', 'barrows.angie@yahoo.com', '2021-04-03 15:01:02', '2021-04-03 15:01:02'),
(345, 75, 'Melyna Schimmel', 'rory94@yahoo.com', '2021-04-03 15:01:02', '2021-04-03 15:01:02'),
(346, 147, 'Levi Macejkovic', 'gkshlerin@vonrueden.com', '2021-04-03 15:01:02', '2021-04-03 15:01:02'),
(347, 14, 'Dr. Natasha Keebler', 'corkery.rachelle@kunze.com', '2021-04-03 15:01:02', '2021-04-03 15:01:02'),
(348, 45, 'Melisa Lang IV', 'aaron.gutmann@gmail.com', '2021-04-03 15:01:02', '2021-04-03 15:01:02'),
(349, 53, 'Devante Glover', 'hahn.brisa@beer.info', '2021-04-03 15:01:02', '2021-04-03 15:01:02'),
(350, 16, 'Jerrell Cruickshank', 'ekozey@hotmail.com', '2021-04-03 15:01:02', '2021-04-03 15:01:02'),
(351, 111, 'Jeanie Witting', 'ozulauf@mante.com', '2021-04-03 15:01:02', '2021-04-03 15:01:02'),
(352, 1, 'Mr. Zane Smitham III', 'schinner.josh@konopelski.com', '2021-04-03 15:01:02', '2021-04-03 15:01:02'),
(353, 99, 'Demond Wisoky', 'webster.trantow@gmail.com', '2021-04-03 15:01:02', '2021-04-03 15:01:02'),
(354, 106, 'Daryl Weber I', 'amraz@gmail.com', '2021-04-03 15:01:02', '2021-04-03 15:01:02'),
(355, 88, 'Vida Rodriguez I', 'rosalyn55@gmail.com', '2021-04-03 15:01:02', '2021-04-03 15:01:02'),
(356, 46, 'Aimee Rice', 'bprice@moen.info', '2021-04-03 15:01:02', '2021-04-03 15:01:02'),
(357, 135, 'Alexandro Streich DVM', 'rcole@gmail.com', '2021-04-03 15:01:02', '2021-04-03 15:01:02'),
(358, 69, 'Dr. Cesar Lang PhD', 'ruecker.braxton@williamson.net', '2021-04-03 15:01:02', '2021-04-03 15:01:02'),
(359, 53, 'Gia Hermann', 'zswaniawski@kilback.biz', '2021-04-03 15:01:02', '2021-04-03 15:01:02'),
(360, 174, 'Madeline Denesik', 'uswaniawski@hotmail.com', '2021-04-03 15:01:02', '2021-04-03 15:01:02'),
(361, 50, 'Tierra Howe IV', 'gutmann.melvin@gmail.com', '2021-04-03 15:01:02', '2021-04-03 15:01:02'),
(362, 3, 'Dianna Nikolaus', 'burdette.will@bergstrom.net', '2021-04-03 15:01:02', '2021-04-03 15:01:02'),
(363, 104, 'Kolby Bergnaum', 'asa.mraz@yahoo.com', '2021-04-03 15:01:02', '2021-04-03 15:01:02'),
(364, 75, 'Scotty Padberg', 'rcarroll@goldner.net', '2021-04-03 15:01:02', '2021-04-03 15:01:02'),
(365, 46, 'Miss Elena Lindgren Sr.', 'thad.corkery@yahoo.com', '2021-04-03 15:01:02', '2021-04-03 15:01:02'),
(366, 53, 'Lester Breitenberg Sr.', 'kristofer.collier@nicolas.com', '2021-04-03 15:01:02', '2021-04-03 15:01:02'),
(367, 46, 'Brad Kertzmann', 'rachael00@gmail.com', '2021-04-03 15:01:02', '2021-04-03 15:01:02'),
(368, 35, 'Adrain Quitzon', 'braxton00@hotmail.com', '2021-04-03 15:01:02', '2021-04-03 15:01:02'),
(369, 37, 'Celestino Kihn', 'ckub@hotmail.com', '2021-04-03 15:01:02', '2021-04-03 15:01:02'),
(370, 30, 'Zaria Barton', 'kathryn94@marks.biz', '2021-04-03 15:01:02', '2021-04-03 15:01:02'),
(371, 117, 'Piper Renner', 'courtney.olson@harris.com', '2021-04-03 15:01:02', '2021-04-03 15:01:02'),
(372, 141, 'Destany Ward', 'goodwin.robert@hotmail.com', '2021-04-03 15:01:02', '2021-04-03 15:01:02'),
(373, 142, 'Josefina Halvorson V', 'alisha.rodriguez@hotmail.com', '2021-04-03 15:01:02', '2021-04-03 15:01:02'),
(374, 174, 'Antonio Windler', 'hirthe.alvera@hotmail.com', '2021-04-03 15:01:02', '2021-04-03 15:01:02'),
(375, 88, 'Lyla Ritchie', 'slarson@gmail.com', '2021-04-03 15:01:02', '2021-04-03 15:01:02'),
(376, 90, 'Vicky Renner', 'adan.rice@grimes.com', '2021-04-03 15:01:02', '2021-04-03 15:01:02'),
(377, 183, 'Jolie Cruickshank', 'homenick.darron@bahringer.com', '2021-04-03 15:01:02', '2021-04-03 15:01:02'),
(378, 50, 'Prof. Tyrell Douglas IV', 'giles19@gmail.com', '2021-04-03 15:01:02', '2021-04-03 15:01:02'),
(379, 167, 'Lexus Leuschke', 'yemmerich@hermiston.com', '2021-04-03 15:01:02', '2021-04-03 15:01:02'),
(380, 67, 'Carmen Lemke', 'bruen.garth@bruen.biz', '2021-04-03 15:01:02', '2021-04-03 15:01:02'),
(381, 192, 'Ramiro Lynch MD', 'kaleigh92@gmail.com', '2021-04-03 15:01:02', '2021-04-03 15:01:02'),
(382, 178, 'Lisa Shanahan', 'ycollins@hotmail.com', '2021-04-03 15:01:02', '2021-04-03 15:01:02'),
(383, 187, 'Cletus Price', 'prosacco.max@cole.net', '2021-04-03 15:01:02', '2021-04-03 15:01:02'),
(384, 100, 'Gerda Wolff', 'feil.emile@fritsch.com', '2021-04-03 15:01:02', '2021-04-03 15:01:02'),
(385, 90, 'Adelia Gutkowski', 'verla56@gmail.com', '2021-04-03 15:01:02', '2021-04-03 15:01:02'),
(386, 192, 'Alejandra Rolfson', 'ubergstrom@schmitt.info', '2021-04-03 15:01:02', '2021-04-03 15:01:02'),
(387, 72, 'Pasquale Ryan', 'gaylord.ramona@hills.com', '2021-04-03 15:01:02', '2021-04-03 15:01:02'),
(388, 104, 'Freeman Gislason', 'providenci.boyle@hodkiewicz.com', '2021-04-03 15:01:02', '2021-04-03 15:01:02'),
(389, 95, 'Emily Steuber', 'dameon94@yahoo.com', '2021-04-03 15:01:02', '2021-04-03 15:01:02'),
(390, 150, 'Giovanni Konopelski', 'mable65@yahoo.com', '2021-04-03 15:01:02', '2021-04-03 15:01:02'),
(391, 49, 'Bradford Grimes', 'alexandra22@crist.net', '2021-04-03 15:01:02', '2021-04-03 15:01:02'),
(392, 105, 'Dr. Edmund Cruickshank', 'gschneider@bins.com', '2021-04-03 15:01:02', '2021-04-03 15:01:02'),
(393, 193, 'Otilia O\'Conner', 'lilly59@armstrong.com', '2021-04-03 15:01:02', '2021-04-03 15:01:02'),
(394, 152, 'Hattie Ferry', 'alexane.considine@beahan.com', '2021-04-03 15:01:02', '2021-04-03 15:01:02'),
(395, 85, 'Astrid Murray', 'brooklyn.kuphal@yahoo.com', '2021-04-03 15:01:02', '2021-04-03 15:01:02'),
(396, 140, 'Prof. Isadore Koch IV', 'ureilly@wiza.org', '2021-04-03 15:01:02', '2021-04-03 15:01:02'),
(397, 28, 'Bryce Wolff III', 'treutel.alison@bartoletti.com', '2021-04-03 15:01:02', '2021-04-03 15:01:02'),
(398, 51, 'Mrs. Rafaela Schuppe I', 'lind.hector@towne.com', '2021-04-03 15:01:02', '2021-04-03 15:01:02'),
(399, 181, 'Jarod Wehner', 'tjacobs@prohaska.net', '2021-04-03 15:01:02', '2021-04-03 15:01:02'),
(400, 124, 'Dr. Alana Stroman DVM', 'kutch.grace@daniel.info', '2021-04-03 15:01:02', '2021-04-03 15:01:02');

-- --------------------------------------------------------

--
-- Table structure for table `failed_jobs`
--

DROP TABLE IF EXISTS `failed_jobs`;
CREATE TABLE IF NOT EXISTS `failed_jobs` (
  `id` bigint(20) UNSIGNED NOT NULL AUTO_INCREMENT,
  `uuid` varchar(191) COLLATE utf8mb4_unicode_ci NOT NULL,
  `connection` text COLLATE utf8mb4_unicode_ci NOT NULL,
  `queue` text COLLATE utf8mb4_unicode_ci NOT NULL,
  `payload` longtext COLLATE utf8mb4_unicode_ci NOT NULL,
  `exception` longtext COLLATE utf8mb4_unicode_ci NOT NULL,
  `failed_at` timestamp NOT NULL DEFAULT CURRENT_TIMESTAMP,
  PRIMARY KEY (`id`),
  UNIQUE KEY `failed_jobs_uuid_unique` (`uuid`)
) ENGINE=MyISAM DEFAULT CHARSET=utf8mb4 COLLATE=utf8mb4_unicode_ci;

-- --------------------------------------------------------

--
-- Table structure for table `migrations`
--

DROP TABLE IF EXISTS `migrations`;
CREATE TABLE IF NOT EXISTS `migrations` (
  `id` int(10) UNSIGNED NOT NULL AUTO_INCREMENT,
  `migration` varchar(191) COLLATE utf8mb4_unicode_ci NOT NULL,
  `batch` int(11) NOT NULL,
  PRIMARY KEY (`id`)
) ENGINE=MyISAM AUTO_INCREMENT=6 DEFAULT CHARSET=utf8mb4 COLLATE=utf8mb4_unicode_ci;

--
-- Dumping data for table `migrations`
--

INSERT INTO `migrations` (`id`, `migration`, `batch`) VALUES
(1, '2014_10_12_000000_create_users_table', 1),
(2, '2014_10_12_100000_create_password_resets_table', 1),
(3, '2019_08_19_000000_create_failed_jobs_table', 1),
(4, '2021_04_02_100403_create_projects_table', 1),
(5, '2021_04_02_100437_create_contact_persons_table', 1);

-- --------------------------------------------------------

--
-- Table structure for table `password_resets`
--

DROP TABLE IF EXISTS `password_resets`;
CREATE TABLE IF NOT EXISTS `password_resets` (
  `email` varchar(191) COLLATE utf8mb4_unicode_ci NOT NULL,
  `token` varchar(191) COLLATE utf8mb4_unicode_ci NOT NULL,
  `created_at` timestamp NULL DEFAULT NULL,
  KEY `password_resets_email_index` (`email`)
) ENGINE=MyISAM DEFAULT CHARSET=utf8mb4 COLLATE=utf8mb4_unicode_ci;

-- --------------------------------------------------------

--
-- Table structure for table `projects`
--

DROP TABLE IF EXISTS `projects`;
CREATE TABLE IF NOT EXISTS `projects` (
  `id` bigint(20) UNSIGNED NOT NULL AUTO_INCREMENT,
  `name` varchar(191) COLLATE utf8mb4_unicode_ci NOT NULL,
  `description` varchar(191) COLLATE utf8mb4_unicode_ci NOT NULL,
  `status` int(11) NOT NULL,
  `created_at` timestamp NULL DEFAULT NULL,
  `updated_at` timestamp NULL DEFAULT NULL,
  PRIMARY KEY (`id`)
) ENGINE=MyISAM AUTO_INCREMENT=201 DEFAULT CHARSET=utf8mb4 COLLATE=utf8mb4_unicode_ci;

--
-- Dumping data for table `projects`
--

INSERT INTO `projects` (`id`, `name`, `description`, `status`, `created_at`, `updated_at`) VALUES
(1, 'repellendus', 'Et doloribus vero omnis odit voluptatem fugiat. Explicabo et mollitia porro.', 0, '2021-04-03 15:01:02', '2021-04-03 15:01:02'),
(2, 'aut', 'Dolores non praesentium molestiae culpa. Quia rerum est quasi qui quo. Dolores voluptatem non et.', 2, '2021-04-03 15:01:02', '2021-04-03 15:01:02'),
(3, 'non', 'Tempora autem at nam nisi. Accusantium mollitia provident omnis voluptas.', 1, '2021-04-03 15:01:02', '2021-04-03 15:01:02'),
(4, 'aut', 'Qui assumenda sint cumque provident. Sint quia minus rerum iure. Culpa rerum nisi labore ut cum.', 0, '2021-04-03 15:01:02', '2021-04-03 15:01:02'),
(5, 'ut', 'Sed et ut porro officia quo quia animi. Quo ut tempora quasi doloremque.', 0, '2021-04-03 15:01:02', '2021-04-03 15:01:02'),
(6, 'officiis', 'In ut id quis. Autem molestiae autem repellat dolorum.', 2, '2021-04-03 15:01:02', '2021-04-03 15:01:02'),
(7, 'ab', 'Tempore quis voluptatem vero quidem autem. Ea tenetur enim nulla consectetur officiis.', 0, '2021-04-03 15:01:02', '2021-04-03 15:01:02'),
(8, 'et', 'Error quis nihil exercitationem iste at. Eligendi eius est neque quos ut.', 0, '2021-04-03 15:01:02', '2021-04-03 15:01:02'),
(9, 'cum', 'Qui dolorum ab ullam aliquid natus omnis at. Minus consectetur non et aliquam.', 1, '2021-04-03 15:01:02', '2021-04-03 15:01:02'),
(10, 'consectetur', 'Quia eaque est inventore. Ut maiores est nemo ipsam et qui quo.', 0, '2021-04-03 15:01:02', '2021-04-03 15:01:02'),
(11, 'architecto', 'Et minima quia tempore tenetur. Consectetur quas qui cum quibusdam rerum aut.', 0, '2021-04-03 15:01:02', '2021-04-03 15:01:02'),
(12, 'perferendis', 'Esse ut qui quidem quia eos et quo est. Est in facilis blanditiis.', 2, '2021-04-03 15:01:02', '2021-04-03 15:01:02'),
(13, 'debitis', 'Voluptatibus ipsa deleniti earum sequi atque enim. Ullam perferendis ipsa corporis qui aliquam.', 1, '2021-04-03 15:01:02', '2021-04-03 15:01:02'),
(14, 'architecto', 'Saepe exercitationem adipisci hic iste laudantium. Eius ipsam quisquam labore aut illo alias.', 2, '2021-04-03 15:01:02', '2021-04-03 15:01:02'),
(15, 'aut', 'Modi distinctio suscipit sit et possimus reiciendis. Optio aut ad non et repellat sunt iste.', 2, '2021-04-03 15:01:02', '2021-04-03 15:01:02'),
(16, 'facere', 'Nihil necessitatibus laudantium ipsa et ea. Temporibus qui cum qui deleniti corporis temporibus.', 2, '2021-04-03 15:01:02', '2021-04-03 15:01:02'),
(17, 'quia', 'Similique a laboriosam ut dolorem at saepe ad. Consequuntur rerum repellendus ab.', 1, '2021-04-03 15:01:02', '2021-04-03 15:01:02'),
(18, 'laborum', 'Consequatur aut quisquam et nihil aut illo et. A qui tenetur omnis ipsum. Ut quia non tempora.', 1, '2021-04-03 15:01:02', '2021-04-03 15:01:02'),
(19, 'molestiae', 'Sed fugiat occaecati et non. Assumenda dolor et repellat at deleniti ipsam aut.', 1, '2021-04-03 15:01:02', '2021-04-03 15:01:02'),
(20, 'autem', 'Quia et culpa aliquid voluptatem aliquam natus. Aut et aspernatur accusantium similique quas.', 0, '2021-04-03 15:01:02', '2021-04-03 15:01:02'),
(21, 'non', 'Non et quasi odit beatae et natus. Vel nam modi pariatur rem sunt.', 0, '2021-04-03 15:01:02', '2021-04-03 15:01:02'),
(22, 'doloribus', 'Similique iusto voluptatem culpa. Corrupti pariatur sunt veniam et eligendi.', 0, '2021-04-03 15:01:02', '2021-04-03 15:01:02'),
(23, 'sit', 'Omnis nam mollitia dolorum eos perferendis. Tempore incidunt praesentium magnam eos.', 0, '2021-04-03 15:01:02', '2021-04-03 15:01:02'),
(24, 'dolores', 'Eaque asperiores ipsum quia facilis asperiores. Ut adipisci optio ut nam.', 2, '2021-04-03 15:01:02', '2021-04-03 15:01:02'),
(25, 'voluptatem', 'Voluptas consequatur iusto illum sed excepturi. Similique quasi amet ut eos.', 1, '2021-04-03 15:01:02', '2021-04-03 15:01:02'),
(26, 'commodi', 'Voluptas pariatur ipsum iusto culpa autem ab dolor. Dicta ad repellendus sunt et neque.', 0, '2021-04-03 15:01:02', '2021-04-03 15:01:02'),
(27, 'beatae', 'Non debitis autem quibusdam accusantium. Dolor dignissimos vel occaecati similique qui ratione.', 2, '2021-04-03 15:01:02', '2021-04-03 15:01:02'),
(28, 'et', 'Et vel expedita quia doloribus laborum eum. Ad ut omnis non voluptas similique.', 0, '2021-04-03 15:01:02', '2021-04-03 15:01:02'),
(29, 'similique', 'Quis nisi laboriosam sunt. Qui minus natus qui velit sunt reprehenderit dolores.', 1, '2021-04-03 15:01:02', '2021-04-03 15:01:02'),
(30, 'sint', 'Id doloremque sit iure earum sed dolores omnis. Autem atque et quis dolorem.', 1, '2021-04-03 15:01:02', '2021-04-03 15:01:02'),
(31, 'cumque', 'Ea architecto omnis dignissimos. Nisi est facilis animi voluptatum porro nihil facere est.', 1, '2021-04-03 15:01:02', '2021-04-03 15:01:02'),
(32, 'velit', 'Expedita illo iure error voluptatem. Omnis placeat deserunt ut quae eaque nisi repellat.', 1, '2021-04-03 15:01:02', '2021-04-03 15:01:02'),
(33, 'harum', 'Quaerat excepturi veritatis harum quo velit iure. Officiis quisquam sed eaque.', 0, '2021-04-03 15:01:02', '2021-04-03 15:01:02'),
(34, 'dicta', 'Hic explicabo rerum animi velit. Qui fugit odit odit qui eum. Beatae quisquam sed cumque porro.', 2, '2021-04-03 15:01:02', '2021-04-03 15:01:02'),
(35, 'non', 'Aliquid repudiandae non autem quam omnis. Fugiat aut quae doloremque iste.', 2, '2021-04-03 15:01:02', '2021-04-03 15:01:02'),
(36, 'id', 'Modi at vero quo labore nostrum ut omnis. Reiciendis aut ut cupiditate rerum ipsam ratione.', 0, '2021-04-03 15:01:02', '2021-04-03 15:01:02'),
(37, 'eius', 'Blanditiis quo voluptas incidunt. Est odit qui ut consequuntur dolores.', 2, '2021-04-03 15:01:02', '2021-04-03 15:01:02'),
(38, 'ex', 'Voluptatum itaque nobis voluptatem. Iure corrupti quibusdam eum libero facere sapiente.', 2, '2021-04-03 15:01:02', '2021-04-03 15:01:02'),
(39, 'ipsam', 'Cum rem rerum odio. Nihil illum suscipit dignissimos sint repudiandae accusantium consectetur.', 2, '2021-04-03 15:01:02', '2021-04-03 15:01:02'),
(40, 'et', 'Voluptate sed autem aut. Debitis impedit accusamus nisi nesciunt.', 1, '2021-04-03 15:01:02', '2021-04-03 15:01:02'),
(41, 'sint', 'Sed modi rerum autem iusto. Itaque at labore labore tempora. Totam rerum est ipsum nulla enim.', 1, '2021-04-03 15:01:02', '2021-04-03 15:01:02'),
(42, 'dolor', 'Harum incidunt quis quia aut. Sint nihil aut illum sit. Et ut autem fugit sit sed voluptates animi.', 1, '2021-04-03 15:01:02', '2021-04-03 15:01:02'),
(43, 'id', 'Sit quis quis incidunt quia id est sequi sit. Qui cum quod et et. Ea tempore qui hic.', 0, '2021-04-03 15:01:02', '2021-04-03 15:01:02'),
(44, 'veniam', 'Ad illo quae impedit. Veritatis consequatur consectetur nemo ipsum et voluptatem.', 0, '2021-04-03 15:01:02', '2021-04-03 15:01:02'),
(45, 'ad', 'Sunt sit omnis sint. Impedit fugiat ratione dolorem ad qui consequatur consequatur laborum.', 2, '2021-04-03 15:01:02', '2021-04-03 15:01:02'),
(46, 'consequatur', 'Omnis odio libero et error. Dolor quia beatae dolores impedit asperiores aliquid.', 0, '2021-04-03 15:01:02', '2021-04-03 15:01:02'),
(47, 'deleniti', 'Eius est vel eum. Eum ut et error. Fuga facere quibusdam deleniti aut.', 2, '2021-04-03 15:01:02', '2021-04-03 15:01:02'),
(48, 'magnam', 'Vel sapiente et iste ipsam. Corrupti suscipit est ea nostrum ut quia blanditiis.', 0, '2021-04-03 15:01:02', '2021-04-03 15:01:02'),
(49, 'aliquid', 'Sit et fuga repudiandae doloribus vitae sed. Amet unde adipisci ut ipsam.', 0, '2021-04-03 15:01:02', '2021-04-03 15:01:02'),
(50, 'alias', 'Sed commodi dignissimos qui. Cum explicabo facilis dolores distinctio impedit.', 0, '2021-04-03 15:01:02', '2021-04-03 15:01:02'),
(51, 'velit', 'Ab quam sit sit fugiat. Beatae numquam voluptatem ut officiis ipsum commodi.', 2, '2021-04-03 15:01:02', '2021-04-03 15:01:02'),
(52, 'repellat', 'Et sequi quae sed quo. Dolores nihil ipsam provident. Pariatur qui magni dolore.', 0, '2021-04-03 15:01:02', '2021-04-03 15:01:02'),
(53, 'laudantium', 'Dolorum laborum quae vel maiores pariatur et qui. Officia ex qui cum voluptatem at quas.', 2, '2021-04-03 15:01:02', '2021-04-03 15:01:02'),
(54, 'aut', 'Quibusdam amet itaque ut. Quas occaecati eum asperiores excepturi quo perspiciatis animi similique.', 1, '2021-04-03 15:01:02', '2021-04-03 15:01:02'),
(55, 'voluptas', 'Iste unde explicabo et nulla voluptas. Debitis quia ipsam veritatis quam.', 1, '2021-04-03 15:01:02', '2021-04-03 15:01:02'),
(56, 'eius', 'Vel sed repellat provident. Facilis dolores est natus quidem et odit quam iure.', 2, '2021-04-03 15:01:02', '2021-04-03 15:01:02'),
(57, 'molestiae', 'Velit eum dolor et tenetur et sit. Temporibus laborum et esse itaque est autem odio ut.', 2, '2021-04-03 15:01:02', '2021-04-03 15:01:02'),
(58, 'et', 'Consectetur nulla natus dignissimos quos fugit sed. Non et debitis provident.', 1, '2021-04-03 15:01:02', '2021-04-03 15:01:02'),
(59, 'sit', 'Sunt a aspernatur est perferendis totam porro. Vel hic ut possimus id. Eligendi iusto iure vero ut.', 0, '2021-04-03 15:01:02', '2021-04-03 15:01:02'),
(60, 'et', 'Architecto molestiae quaerat repudiandae vel. Quo animi aut doloremque error iusto.', 2, '2021-04-03 15:01:02', '2021-04-03 15:01:02'),
(61, 'consequuntur', 'Et magnam voluptatem fuga quia. Aut numquam ea quae corrupti. Iusto facilis adipisci omnis est.', 2, '2021-04-03 15:01:02', '2021-04-03 15:01:02'),
(62, 'pariatur', 'Omnis optio quis sit. Quo non labore eaque repellat. Id autem quas animi ipsum.', 0, '2021-04-03 15:01:02', '2021-04-03 15:01:02'),
(63, 'ab', 'Eum atque non nobis. Voluptatibus magnam ut nisi in quos possimus. Magnam aperiam eos aut maiores.', 2, '2021-04-03 15:01:02', '2021-04-03 15:01:02'),
(64, 'praesentium', 'Velit doloribus voluptas id possimus sunt itaque. Repellat facilis molestiae sint enim.', 0, '2021-04-03 15:01:02', '2021-04-03 15:01:02'),
(65, 'pariatur', 'Eos ea tempore occaecati iusto et. Consectetur cupiditate quam facere molestiae.', 1, '2021-04-03 15:01:02', '2021-04-03 15:01:02'),
(66, 'reprehenderit', 'Voluptatem et qui sunt. Exercitationem quos fugit ea harum. Fugiat vero vero accusantium quidem in.', 1, '2021-04-03 15:01:02', '2021-04-03 15:01:02'),
(67, 'tempore', 'Provident qui eum eos cum. Enim dolores nostrum quis autem voluptatem. Qui asperiores atque ut sit.', 0, '2021-04-03 15:01:02', '2021-04-03 15:01:02'),
(68, 'possimus', 'Incidunt distinctio quas sit velit. Assumenda in accusamus incidunt maiores.', 1, '2021-04-03 15:01:02', '2021-04-03 15:01:02'),
(69, 'quasi', 'Excepturi voluptas provident quam modi qui. Et voluptatem at ut aut provident nemo.', 1, '2021-04-03 15:01:02', '2021-04-03 15:01:02'),
(70, 'quae', 'Suscipit voluptate harum quia eos. Numquam est vero ut qui et voluptatem corrupti et.', 1, '2021-04-03 15:01:02', '2021-04-03 15:01:02'),
(71, 'ducimus', 'Quos voluptas id nihil voluptate beatae. Deserunt illo commodi omnis quia quia autem.', 1, '2021-04-03 15:01:02', '2021-04-03 15:01:02'),
(72, 'minus', 'Inventore ut dolorem blanditiis accusamus. Ipsum ex rerum quia quia facilis laboriosam qui.', 1, '2021-04-03 15:01:02', '2021-04-03 15:01:02'),
(73, 'veniam', 'Velit quaerat eaque eligendi occaecati. Sunt eos omnis perferendis. Vel est est in voluptatem esse.', 2, '2021-04-03 15:01:02', '2021-04-03 15:01:02'),
(74, 'doloremque', 'Explicabo quam ut eaque iure. Voluptatem maxime ipsum quis sed velit voluptatum eveniet sit.', 1, '2021-04-03 15:01:02', '2021-04-03 15:01:02'),
(75, 'ipsum', 'Ut et deserunt possimus excepturi illo ut aliquid. Quasi dolores exercitationem qui.', 2, '2021-04-03 15:01:02', '2021-04-03 15:01:02'),
(76, 'in', 'Facilis perspiciatis est eum earum. Ad ea quasi et dolores assumenda.', 1, '2021-04-03 15:01:02', '2021-04-03 15:01:02'),
(77, 'asperiores', 'Aspernatur nihil et asperiores recusandae iure libero. Temporibus in odit temporibus molestiae.', 1, '2021-04-03 15:01:02', '2021-04-03 15:01:02'),
(78, 'et', 'Qui necessitatibus tenetur ipsam ea. Est voluptatem qui nulla iure nobis ea quo.', 0, '2021-04-03 15:01:02', '2021-04-03 15:01:02'),
(79, 'et', 'In fuga sunt provident tempore. Odit non ad qui neque id.', 2, '2021-04-03 15:01:02', '2021-04-03 15:01:02'),
(80, 'dolorem', 'Dolores ea mollitia aut exercitationem. Et inventore harum incidunt eum sequi.', 1, '2021-04-03 15:01:02', '2021-04-03 15:01:02'),
(81, 'modi', 'Ut culpa numquam voluptatem ea fugiat omnis. Sed modi sit aut culpa.', 0, '2021-04-03 15:01:02', '2021-04-03 15:01:02'),
(82, 'voluptatem', 'Eos qui doloremque nemo sint. Rerum voluptate dolorem quia suscipit excepturi. Labore aut odio eos.', 0, '2021-04-03 15:01:02', '2021-04-03 15:01:02'),
(83, 'doloremque', 'Omnis at in veritatis omnis harum veniam. Quibusdam et facilis et sed a.', 0, '2021-04-03 15:01:02', '2021-04-03 15:01:02'),
(84, 'eveniet', 'Magnam ipsum eligendi in itaque. Rerum enim aut ex ducimus. Tempora ea aliquid quibusdam.', 1, '2021-04-03 15:01:02', '2021-04-03 15:01:02'),
(85, 'et', 'Placeat et molestiae ipsa odio. Sint dolore assumenda minima assumenda.', 2, '2021-04-03 15:01:02', '2021-04-03 15:01:02'),
(86, 'distinctio', 'Est incidunt qui ad. Voluptatem omnis et vero nobis.', 2, '2021-04-03 15:01:02', '2021-04-03 15:01:02'),
(87, 'ullam', 'Eos rerum aut quibusdam. Autem tempore consequatur ducimus temporibus.', 1, '2021-04-03 15:01:02', '2021-04-03 15:01:02'),
(88, 'harum', 'Ea omnis id illo unde optio. Aliquam et quis qui sit facilis. A est eligendi quia.', 2, '2021-04-03 15:01:02', '2021-04-03 15:01:02'),
(89, 'rerum', 'Hic nobis porro reiciendis rerum laudantium aut ex. Non et sed et qui nihil rem quod.', 1, '2021-04-03 15:01:02', '2021-04-03 15:01:02'),
(90, 'ut', 'Ex non architecto voluptatum quas inventore nesciunt natus. Qui repellendus nihil placeat.', 1, '2021-04-03 15:01:02', '2021-04-03 15:01:02'),
(91, 'magni', 'Consequuntur quas quia beatae est eius consequatur. Sed blanditiis corporis temporibus.', 0, '2021-04-03 15:01:02', '2021-04-03 15:01:02'),
(92, 'incidunt', 'Minima voluptatem quod natus omnis. Rerum et ut perferendis commodi.', 0, '2021-04-03 15:01:02', '2021-04-03 15:01:02'),
(93, 'laboriosam', 'Vero nemo et et sequi. At officiis vel provident esse vel qui.', 0, '2021-04-03 15:01:02', '2021-04-03 15:01:02'),
(94, 'cumque', 'Dolorem maiores et eius eos. Molestiae quasi velit ut maxime.', 1, '2021-04-03 15:01:02', '2021-04-03 15:01:02'),
(95, 'eum', 'Qui quisquam quis aut. Aliquam expedita illum ut dolorem est. Omnis iure qui voluptates quod.', 0, '2021-04-03 15:01:02', '2021-04-03 15:01:02'),
(96, 'id', 'Ut aut eaque voluptatem aut rerum aliquid dolorum. Facilis officia omnis dicta aperiam.', 1, '2021-04-03 15:01:02', '2021-04-03 15:01:02'),
(97, 'voluptatem', 'Consequatur a quia possimus omnis. Ducimus ducimus dolorum iste voluptatum aliquam molestiae.', 1, '2021-04-03 15:01:02', '2021-04-03 15:01:02'),
(98, 'quidem', 'Sequi accusamus eaque omnis reprehenderit in. Iste itaque aperiam ipsam suscipit placeat dolorem.', 1, '2021-04-03 15:01:02', '2021-04-03 15:01:02'),
(99, 'dolores', 'Et quae nam illum. Asperiores blanditiis iste tempore et quisquam.', 1, '2021-04-03 15:01:02', '2021-04-03 15:01:02'),
(100, 'a', 'Facilis est sunt ipsum voluptates consequatur est quasi. Veniam sunt quasi quisquam sit.', 0, '2021-04-03 15:01:02', '2021-04-03 15:01:02'),
(101, 'alias', 'Facilis expedita doloribus quos. Dicta suscipit eos et aut nisi. Aut aliquid eum molestiae.', 2, '2021-04-03 15:01:02', '2021-04-03 15:01:02'),
(102, 'alias', 'Deserunt quae nisi ipsum non. Voluptatem veniam quam aspernatur consequatur aut autem quae.', 2, '2021-04-03 15:01:02', '2021-04-03 15:01:02'),
(103, 'reiciendis', 'Ipsam aliquid rerum aut qui aut quis. Aperiam alias quibusdam sit sit nesciunt sit.', 0, '2021-04-03 15:01:02', '2021-04-03 15:01:02'),
(104, 'voluptatem', 'Fugiat deserunt ad ab esse consectetur consequatur dolore. Repellat aut nam pariatur similique.', 2, '2021-04-03 15:01:02', '2021-04-03 15:01:02'),
(105, 'voluptas', 'Molestiae dignissimos itaque debitis possimus nam id harum. Nesciunt alias iure cumque molestiae.', 1, '2021-04-03 15:01:02', '2021-04-03 15:01:02'),
(106, 'nihil', 'Voluptatem dolorum veritatis quos quae qui libero. A iste sunt consectetur ut maxime.', 1, '2021-04-03 15:01:02', '2021-04-03 15:01:02'),
(107, 'cum', 'Hic officia voluptatem sit doloribus. Officia magni fugiat quam asperiores ab sit.', 1, '2021-04-03 15:01:02', '2021-04-03 15:01:02'),
(108, 'exercitationem', 'Deleniti qui sint aspernatur nesciunt molestias ut non nihil. Ut aut temporibus ea qui.', 2, '2021-04-03 15:01:02', '2021-04-03 15:01:02'),
(109, 'voluptatem', 'Aliquid aut dolore unde nisi. Eos rerum autem veritatis dolores consequatur.', 2, '2021-04-03 15:01:02', '2021-04-03 15:01:02'),
(110, 'fugiat', 'Voluptatem in quos eaque eius corrupti eius. Aperiam sit animi nihil molestias.', 0, '2021-04-03 15:01:02', '2021-04-03 15:01:02'),
(111, 'est', 'Necessitatibus quod ut non. Delectus dolorem rerum itaque et molestiae.', 2, '2021-04-03 15:01:02', '2021-04-03 15:01:02'),
(112, 'voluptatum', 'Cupiditate incidunt quia qui dignissimos. Error enim blanditiis nisi aut sunt.', 0, '2021-04-03 15:01:02', '2021-04-03 15:01:02'),
(113, 'aut', 'Quibusdam neque officia aut quibusdam ducimus dolorem. Accusantium illo quam adipisci.', 0, '2021-04-03 15:01:02', '2021-04-03 15:01:02'),
(114, 'doloremque', 'Fugiat nihil et tenetur. Et inventore nostrum nesciunt.', 1, '2021-04-03 15:01:02', '2021-04-03 15:01:02'),
(115, 'non', 'Similique optio consequatur ut dolorem voluptatem occaecati. Non ut ea odio cupiditate quis.', 0, '2021-04-03 15:01:02', '2021-04-03 15:01:02'),
(116, 'nostrum', 'Quas iusto rerum rerum magnam reiciendis. Voluptate occaecati similique minima.', 0, '2021-04-03 15:01:02', '2021-04-03 15:01:02'),
(117, 'aperiam', 'Quia voluptate laboriosam enim non. Praesentium perspiciatis quo fuga. Id laborum dolorum ut natus.', 0, '2021-04-03 15:01:02', '2021-04-03 15:01:02'),
(118, 'quae', 'Enim nesciunt impedit inventore assumenda mollitia. Ducimus commodi explicabo hic voluptatem.', 1, '2021-04-03 15:01:02', '2021-04-03 15:01:02'),
(119, 'cumque', 'Aut aut eum dolorem. Id sit inventore voluptatem neque. Maxime deleniti quod commodi qui.', 2, '2021-04-03 15:01:02', '2021-04-03 15:01:02'),
(120, 'quia', 'Non delectus nemo tenetur reiciendis in nostrum aut. Nesciunt id porro voluptates placeat cum.', 0, '2021-04-03 15:01:02', '2021-04-03 15:01:02'),
(121, 'esse', 'Molestias voluptatum ut sunt error quo nihil deserunt. Eaque sint commodi reiciendis.', 0, '2021-04-03 15:01:02', '2021-04-03 15:01:02'),
(122, 'sit', 'Vel non consequuntur at. Id rerum consequatur et vel reprehenderit. Eum tempore ea molestias.', 1, '2021-04-03 15:01:02', '2021-04-03 15:01:02'),
(123, 'perferendis', 'Nemo numquam reiciendis autem. Qui itaque voluptatem enim eum. Nisi et dolores non quam.', 2, '2021-04-03 15:01:02', '2021-04-03 15:01:02'),
(124, 'earum', 'At quibusdam neque saepe non. Omnis aspernatur sit autem ipsa. Numquam dolorem nihil dolorem est.', 2, '2021-04-03 15:01:02', '2021-04-03 15:01:02'),
(125, 'suscipit', 'Non beatae doloremque est quo aut sapiente. Ut voluptatum quidem nulla. Ut odit eum et et optio.', 2, '2021-04-03 15:01:02', '2021-04-03 15:01:02'),
(126, 'rerum', 'Recusandae aut et rerum vero vel praesentium recusandae. Quae reiciendis aut et perferendis.', 2, '2021-04-03 15:01:02', '2021-04-03 15:01:02'),
(127, 'in', 'Numquam tempore harum totam nobis pariatur cum enim. Ut quas nam nostrum quae.', 1, '2021-04-03 15:01:02', '2021-04-03 15:01:02'),
(128, 'hic', 'Id esse aut neque totam. Amet aliquam debitis temporibus eaque. Rerum fugiat fuga doloremque culpa.', 2, '2021-04-03 15:01:02', '2021-04-03 15:01:02'),
(129, 'aut', 'Omnis ad nulla exercitationem reiciendis voluptas alias. Dolor dolores sequi ut illo.', 1, '2021-04-03 15:01:02', '2021-04-03 15:01:02'),
(130, 'sint', 'Quia cum veritatis qui temporibus. Eius doloremque temporibus illum voluptatem placeat.', 1, '2021-04-03 15:01:02', '2021-04-03 15:01:02'),
(131, 'placeat', 'Et maxime aut iste. Libero aliquam eum occaecati sit. Ex id deserunt rerum veniam.', 0, '2021-04-03 15:01:02', '2021-04-03 15:01:02'),
(132, 'dolor', 'Veniam porro eum nemo excepturi vero cupiditate. Ducimus tempore quae atque qui eveniet.', 0, '2021-04-03 15:01:02', '2021-04-03 15:01:02'),
(133, 'numquam', 'Perspiciatis iste officiis architecto omnis. Sunt fugit asperiores omnis et qui deleniti quos.', 0, '2021-04-03 15:01:02', '2021-04-03 15:01:02'),
(134, 'omnis', 'Illo iusto tempora et fugiat. Sit et et nesciunt autem et. Assumenda cum soluta error eos.', 2, '2021-04-03 15:01:02', '2021-04-03 15:01:02'),
(135, 'ipsum', 'Tempora delectus omnis totam dolorem molestiae minus modi. Officia et consequatur autem recusandae.', 0, '2021-04-03 15:01:02', '2021-04-03 15:01:02'),
(136, 'maxime', 'Repellendus numquam modi et sed qui soluta laboriosam. Porro dolor corrupti omnis quam suscipit.', 1, '2021-04-03 15:01:02', '2021-04-03 15:01:02'),
(137, 'enim', 'Voluptate nulla dolores ad ipsam cupiditate. Ducimus totam voluptate est officia id voluptatem.', 1, '2021-04-03 15:01:02', '2021-04-03 15:01:02'),
(138, 'expedita', 'Quia at eligendi et est quod quibusdam. Est nobis voluptatem eum earum illum omnis.', 2, '2021-04-03 15:01:02', '2021-04-03 15:01:02'),
(139, 'officia', 'Qui possimus distinctio qui. Delectus repudiandae iste officia non minus culpa fugiat.', 2, '2021-04-03 15:01:02', '2021-04-03 15:01:02'),
(140, 'vel', 'Molestiae nisi expedita excepturi voluptatem possimus. Quaerat debitis sunt adipisci quia placeat.', 1, '2021-04-03 15:01:02', '2021-04-03 15:01:02'),
(141, 'cupiditate', 'Ducimus voluptatum harum rerum. Officiis itaque incidunt culpa libero.', 0, '2021-04-03 15:01:02', '2021-04-03 15:01:02'),
(142, 'accusamus', 'Alias sit ad nam. Ea perferendis delectus magnam deserunt qui voluptates odit distinctio.', 2, '2021-04-03 15:01:02', '2021-04-03 15:01:02'),
(143, 'sunt', 'Rerum repellendus tempore omnis et. Et dolorem dolorem facere possimus doloremque est.', 1, '2021-04-03 15:01:02', '2021-04-03 15:01:02'),
(144, 'necessitatibus', 'Et aut facilis illo est. Illum repellat amet voluptas. Est vel ipsa molestiae.', 1, '2021-04-03 15:01:02', '2021-04-03 15:01:02'),
(145, 'animi', 'Recusandae est harum eos laborum harum dicta. Aliquid ut molestiae expedita odio officia harum aut.', 2, '2021-04-03 15:01:02', '2021-04-03 15:01:02'),
(146, 'est', 'Corporis consequatur aut eius ad a quod dicta nam. Perspiciatis consequatur qui quas doloribus.', 1, '2021-04-03 15:01:02', '2021-04-03 15:01:02'),
(147, 'assumenda', 'Consequuntur aut blanditiis nemo rerum quia eum. Sed placeat quis ad aut accusamus inventore.', 0, '2021-04-03 15:01:02', '2021-04-03 15:01:02'),
(148, 'eligendi', 'Blanditiis corrupti et et iusto ut voluptatibus et. Ullam aut similique facere eius.', 1, '2021-04-03 15:01:02', '2021-04-03 15:01:02'),
(149, 'qui', 'Ut quasi quas omnis. Incidunt aut harum quam velit. Dolore quas ut odio et.', 0, '2021-04-03 15:01:02', '2021-04-03 15:01:02'),
(150, 'ut', 'Et quia alias sit eos. Delectus consequatur beatae sit ea error et. Fugiat eos ea quam consequatur.', 2, '2021-04-03 15:01:02', '2021-04-03 15:01:02'),
(151, 'aut', 'Sed ut qui cum deserunt placeat illo ea. Et nisi enim laboriosam nemo. Id eius quis vero.', 2, '2021-04-03 15:01:02', '2021-04-03 15:01:02'),
(152, 'architecto', 'Quis a et sunt ut aspernatur quia quis. Et repudiandae et ea in.', 1, '2021-04-03 15:01:02', '2021-04-03 15:01:02'),
(153, 'quia', 'Neque neque ipsam vel ut. Accusantium illum voluptas earum laboriosam. Libero est qui dolorem et.', 2, '2021-04-03 15:01:02', '2021-04-03 15:01:02'),
(154, 'cum', 'Odio odit consectetur tempore pariatur sunt qui. Sed perferendis qui animi facere saepe.', 0, '2021-04-03 15:01:02', '2021-04-03 15:01:02'),
(155, 'sapiente', 'Laboriosam eaque qui adipisci dolor. Debitis omnis aut minus distinctio omnis.', 0, '2021-04-03 15:01:02', '2021-04-03 15:01:02'),
(156, 'in', 'Dolorem iste et quod. Reprehenderit laudantium nam harum. Quasi sunt laudantium impedit in.', 1, '2021-04-03 15:01:02', '2021-04-03 15:01:02'),
(157, 'nam', 'Aut velit cumque animi ea amet expedita iure. Est odio molestias beatae magni pariatur.', 0, '2021-04-03 15:01:02', '2021-04-03 15:01:02'),
(158, 'ex', 'Voluptatem magni dignissimos totam voluptatem. Maiores autem reiciendis possimus.', 2, '2021-04-03 15:01:02', '2021-04-03 15:01:02'),
(159, 'quis', 'Quo dignissimos autem earum a ipsa dolorem dolor. Quam laudantium est provident ea.', 1, '2021-04-03 15:01:02', '2021-04-03 15:01:02'),
(160, 'ad', 'Voluptas velit dolore quibusdam nulla. Porro vel hic excepturi accusamus nihil voluptas sed.', 2, '2021-04-03 15:01:02', '2021-04-03 15:01:02'),
(161, 'eaque', 'Velit voluptatum non repellendus hic pariatur. Qui doloribus et voluptatibus rerum dolor sapiente.', 1, '2021-04-03 15:01:02', '2021-04-03 15:01:02'),
(162, 'possimus', 'Aut dolor omnis magnam aut. Sunt id dolore et nobis rerum. Odio in est eligendi ab aut.', 1, '2021-04-03 15:01:02', '2021-04-03 15:01:02'),
(163, 'quibusdam', 'Minima dolorem modi soluta aut natus aliquid. Sit ducimus ut id quia facere ea.', 0, '2021-04-03 15:01:02', '2021-04-03 15:01:02'),
(164, 'optio', 'Consequuntur magnam quia in hic laborum aut. Sit soluta deserunt deleniti.', 0, '2021-04-03 15:01:02', '2021-04-03 15:01:02'),
(165, 'commodi', 'Totam perspiciatis vero et. Voluptatem ad vitae a sed assumenda est. Quidem eaque ratione vel et.', 2, '2021-04-03 15:01:02', '2021-04-03 15:01:02'),
(166, 'explicabo', 'Voluptas doloribus ex illo. Qui soluta recusandae in aut. In ducimus neque omnis officiis facere.', 0, '2021-04-03 15:01:02', '2021-04-03 15:01:02'),
(167, 'aut', 'Velit aut esse earum magnam. Aspernatur omnis odit modi occaecati.', 1, '2021-04-03 15:01:02', '2021-04-03 15:01:02'),
(168, 'tenetur', 'In animi facilis enim consectetur eligendi. Voluptatem repellat sint dolore suscipit.', 1, '2021-04-03 15:01:02', '2021-04-03 15:01:02'),
(169, 'provident', 'Quos aut atque et et totam. Facere sint omnis dicta non suscipit a. Sed ut autem quaerat quae.', 2, '2021-04-03 15:01:02', '2021-04-03 15:01:02'),
(170, 'qui', 'Cum id enim est. Officiis enim debitis qui qui.', 2, '2021-04-03 15:01:02', '2021-04-03 15:01:02'),
(171, 'at', 'Modi perferendis tempora dolores. Eligendi esse ea atque expedita. Officia fugit ut ea dolor.', 1, '2021-04-03 15:01:02', '2021-04-03 15:01:02'),
(172, 'hic', 'Et vel non sed. Qui dolor sunt est qui. Sit quam et aut vero eos rerum cumque unde.', 0, '2021-04-03 15:01:02', '2021-04-03 15:01:02'),
(173, 'porro', 'Ullam debitis ut omnis ducimus id tempore aliquam. Repellendus aut quis fugit et mollitia aliquid.', 0, '2021-04-03 15:01:02', '2021-04-03 15:01:02'),
(174, 'occaecati', 'Totam quibusdam quia qui quas officiis. Ut voluptates quae quia dolore.', 1, '2021-04-03 15:01:02', '2021-04-03 15:01:02'),
(175, 'et', 'Illo accusamus asperiores rerum harum ut non. Nihil et facilis sint et aut.', 0, '2021-04-03 15:01:02', '2021-04-03 15:01:02'),
(176, 'ex', 'Dolor distinctio deserunt rerum ut. Minus omnis et natus cum delectus nihil voluptas.', 1, '2021-04-03 15:01:02', '2021-04-03 15:01:02'),
(177, 'optio', 'Est quae fugiat quia saepe. Et maiores rerum animi natus illo dicta.', 0, '2021-04-03 15:01:02', '2021-04-03 15:01:02'),
(178, 'repudiandae', 'Est nisi perferendis officiis omnis placeat facere ipsa ut. Maxime ut est est. In id quo aut.', 2, '2021-04-03 15:01:02', '2021-04-03 15:01:02'),
(179, 'et', 'Quas qui aut cupiditate molestiae magni ut. Velit enim et accusamus ullam cum est.', 0, '2021-04-03 15:01:02', '2021-04-03 15:01:02'),
(180, 'laudantium', 'Ut quisquam enim aut omnis nam consequatur. Et unde ratione odio id repellendus qui.', 1, '2021-04-03 15:01:02', '2021-04-03 15:01:02'),
(181, 'ut', 'Quasi eveniet quod eum autem. Quo ea veniam pariatur. Fuga sit accusamus itaque et.', 2, '2021-04-03 15:01:02', '2021-04-03 15:01:02'),
(182, 'laboriosam', 'Molestias ipsam et numquam quam culpa. Repellat quia aut voluptas aut.', 1, '2021-04-03 15:01:02', '2021-04-03 15:01:02'),
(183, 'enim', 'Temporibus atque quia fugit nihil ullam et. Iusto aut ut omnis quia soluta expedita et.', 1, '2021-04-03 15:01:02', '2021-04-03 15:01:02'),
(184, 'inventore', 'Molestiae laborum illum officia ducimus id non asperiores. Vel dolores dolorum aliquam.', 2, '2021-04-03 15:01:02', '2021-04-03 15:01:02'),
(185, 'eos', 'Dolor neque hic maxime vitae. Dicta voluptatem in sequi. Ipsum tempora velit et sint.', 1, '2021-04-03 15:01:02', '2021-04-03 15:01:02'),
(186, 'qui', 'Eligendi eaque cumque quibusdam et excepturi quo. Sunt quaerat assumenda nesciunt.', 2, '2021-04-03 15:01:02', '2021-04-03 15:01:02'),
(187, 'explicabo', 'Sequi facere optio voluptatem nihil vitae debitis voluptatibus. Facere ut rem sit quia nulla.', 2, '2021-04-03 15:01:02', '2021-04-03 15:01:02'),
(188, 'eos', 'Veritatis autem magnam eius voluptas. Est et aut in.', 0, '2021-04-03 15:01:02', '2021-04-03 15:01:02'),
(189, 'vel', 'Eligendi nisi veritatis quae consectetur laboriosam. Quia nesciunt recusandae totam corporis quae.', 0, '2021-04-03 15:01:02', '2021-04-03 15:01:02'),
(190, 'aut', 'Corrupti voluptatem ducimus est aut. Ea animi et iusto eos ut. Placeat sit neque quos quaerat.', 2, '2021-04-03 15:01:02', '2021-04-03 15:01:02'),
(191, 'nulla', 'Quo praesentium aperiam eius magni asperiores sed. Illum sed asperiores velit dolor voluptatem aut.', 2, '2021-04-03 15:01:02', '2021-04-03 15:01:02'),
(192, 'doloremque', 'Magnam numquam repellendus voluptate voluptatum quo. Quaerat officia omnis est id reprehenderit et.', 0, '2021-04-03 15:01:02', '2021-04-03 15:01:02'),
(193, 'cum', 'Quidem est dolor natus rerum veritatis id. Sed aut adipisci nesciunt reprehenderit recusandae.', 2, '2021-04-03 15:01:02', '2021-04-03 15:01:02'),
(194, 'et', 'Nemo nostrum qui nostrum. Est necessitatibus sit facere sit.', 1, '2021-04-03 15:01:02', '2021-04-03 15:01:02'),
(195, 'esse', 'Ut tempore est eos aliquam. Ut recusandae consequuntur qui.', 0, '2021-04-03 15:01:02', '2021-04-03 15:01:02'),
(196, 'similique', 'Eligendi molestiae beatae ea. Voluptatum rerum est laudantium ea.', 0, '2021-04-03 15:01:02', '2021-04-03 15:01:02'),
(197, 'et', 'Ad qui ipsa quibusdam quis. Est aut molestiae pariatur enim.', 0, '2021-04-03 15:01:02', '2021-04-03 15:01:02'),
(198, 'iste', 'Voluptas praesentium fugiat sed. Qui et laboriosam sit perspiciatis magni similique.', 1, '2021-04-03 15:01:02', '2021-04-03 15:01:02'),
(199, 'tempore', 'Non nam suscipit omnis dignissimos. Sapiente est voluptas rem quidem.', 2, '2021-04-03 15:01:02', '2021-04-03 15:01:02'),
(200, 'accusantium', 'Exercitationem fuga tempora omnis iste et ut harum. Architecto natus dolores dolore quisquam.', 2, '2021-04-03 15:01:02', '2021-04-03 15:01:02');

-- --------------------------------------------------------

--
-- Table structure for table `users`
--

DROP TABLE IF EXISTS `users`;
CREATE TABLE IF NOT EXISTS `users` (
  `id` bigint(20) UNSIGNED NOT NULL AUTO_INCREMENT,
  `name` varchar(191) COLLATE utf8mb4_unicode_ci NOT NULL,
  `email` varchar(191) COLLATE utf8mb4_unicode_ci NOT NULL,
  `email_verified_at` timestamp NULL DEFAULT NULL,
  `password` varchar(191) COLLATE utf8mb4_unicode_ci NOT NULL,
  `remember_token` varchar(100) COLLATE utf8mb4_unicode_ci DEFAULT NULL,
  `created_at` timestamp NULL DEFAULT NULL,
  `updated_at` timestamp NULL DEFAULT NULL,
  PRIMARY KEY (`id`),
  UNIQUE KEY `users_email_unique` (`email`)
) ENGINE=MyISAM DEFAULT CHARSET=utf8mb4 COLLATE=utf8mb4_unicode_ci;
COMMIT;

/*!40101 SET CHARACTER_SET_CLIENT=@OLD_CHARACTER_SET_CLIENT */;
/*!40101 SET CHARACTER_SET_RESULTS=@OLD_CHARACTER_SET_RESULTS */;
/*!40101 SET COLLATION_CONNECTION=@OLD_COLLATION_CONNECTION */;
